Time (UT),Latitude,Longitude,Course
4/29/2021 19:23,-23.5499,-46.2834,43
4/29/2021 19:23,-23.5162,-46.2631,23
4/29/2021 19:24,-23.4717,-46.2429,23
4/29/2021 19:24,-23.4304,-46.224,23
4/29/2021 19:25,-23.3865,-46.2039,23
4/29/2021 19:25,-23.3445,-46.1849,23
4/29/2021 19:26,-23.3008,-46.165,23
4/29/2021 19:26,-23.2568,-46.145,23
4/29/2021 19:27,-23.2127,-46.125,23
4/29/2021 19:27,-23.1686,-46.1051,23
4/29/2021 19:28,-23.1212,-46.0836,23
4/29/2021 19:28,-23.0918,-46.0707,21
4/29/2021 19:29,-23.0273,-46.0503,16
4/29/2021 19:29,-22.9753,-46.0343,16
4/29/2021 19:30,-22.921,-46.0177,16
4/29/2021 19:30,-22.8657,-46.0007,16
4/29/2021 19:31,-22.8105,-45.9836,16
4/29/2021 19:31,-22.7528,-45.9659,16
4/29/2021 19:32,-22.6978,-45.949,16
4/29/2021 19:32,-22.6415,-45.9318,16
4/29/2021 19:33,-22.5867,-45.915,16
4/29/2021 19:33,-22.5291,-45.8973,16
4/29/2021 19:34,-22.4695,-45.8791,16
4/29/2021 19:34,-22.4154,-45.8626,16
4/29/2021 19:35,-22.3566,-45.8446,16
4/29/2021 19:35,-22.3011,-45.8268,20
4/29/2021 19:36,-22.2673,-45.8077,33
4/29/2021 19:36,-22.2179,-45.7661,39
4/29/2021 19:37,-22.17,-45.7246,39
4/29/2021 19:37,-22.1225,-45.6836,39
4/29/2021 19:38,-22.0731,-45.6409,39
4/29/2021 19:38,-22.0257,-45.6002,39
4/29/2021 19:39,-21.9768,-45.5581,39
4/29/2021 19:39,-21.9279,-45.5159,39
4/29/2021 19:40,-21.8786,-45.4736,39
4/29/2021 19:40,-21.8301,-45.432,39
4/29/2021 19:41,-21.7823,-45.391,39
4/29/2021 19:41,-21.7298,-45.346,39
4/29/2021 19:42,-21.6827,-45.3056,39
4/29/2021 19:42,-21.6324,-45.2626,39
4/29/2021 19:43,-21.5816,-45.2192,39
4/29/2021 19:43,-21.5306,-45.1756,39
4/29/2021 19:44,-21.4813,-45.1335,39
4/29/2021 19:44,-21.4309,-45.0906,39
4/29/2021 19:45,-21.3816,-45.0486,39
4/29/2021 19:45,-21.3322,-45.0066,39
4/29/2021 19:46,-21.2823,-44.9641,39
4/29/2021 19:46,-21.2342,-44.9233,39
4/29/2021 19:47,-21.1822,-44.8792,39
4/29/2021 19:47,-21.1329,-44.8373,39
4/29/2021 19:48,-21.0827,-44.7948,39
4/29/2021 19:48,-21.0314,-44.7531,36
4/29/2021 19:49,-20.9801,-44.7139,36
4/29/2021 19:49,-20.9478,-44.6899,33
4/29/2021 19:50,-20.8823,-44.6614,17
4/29/2021 19:50,-20.8195,-44.6417,16
4/29/2021 19:51,-20.7537,-44.6212,16
4/29/2021 19:51,-20.6948,-44.6028,17
4/29/2021 19:52,-20.6333,-44.5798,21
4/29/2021 19:52,-20.5676,-44.5525,21
4/29/2021 19:53,-20.5037,-44.526,21
4/29/2021 19:53,-20.4433,-44.501,21
4/29/2021 19:54,-20.3877,-44.4794,18
4/29/2021 19:54,-20.3152,-44.4569,16
4/29/2021 19:55,-20.2526,-44.4383,16
4/29/2021 19:55,-20.1862,-44.418,19
4/29/2021 19:56,-20.1411,-44.3961,29
4/29/2021 19:56,-20.0768,-44.3558,31
4/29/2021 19:57,-20.0128,-44.3154,31
4/29/2021 19:57,-19.956,-44.2796,30
4/29/2021 19:58,-19.8799,-44.2368,28
4/29/2021 19:58,-19.8226,-44.2046,28
4/29/2021 19:59,-19.7586,-44.1689,28
4/29/2021 19:59,-19.7001,-44.1362,28
4/29/2021 20:00,-19.6364,-44.1006,28
4/29/2021 20:00,-19.5764,-44.0671,28
4/29/2021 20:01,-19.5161,-44.0334,28
4/29/2021 20:01,-19.4575,-44.0008,28
4/29/2021 20:02,-19.3955,-43.9663,28
4/29/2021 20:02,-19.3366,-43.9336,28
4/29/2021 20:03,-19.2771,-43.9005,28
4/29/2021 20:03,-19.2155,-43.8664,28
4/29/2021 20:04,-19.1555,-43.8331,28
4/29/2021 20:04,-19.0941,-43.7991,28
4/29/2021 20:05,-19.0335,-43.7655,28
4/29/2021 20:05,-18.9727,-43.7319,28
4/29/2021 20:06,-18.9133,-43.6991,28
4/29/2021 20:06,-18.854,-43.6663,28
4/29/2021 20:07,-18.7929,-43.6325,28
4/29/2021 20:07,-18.7329,-43.5994,28
4/29/2021 20:08,-18.6711,-43.5654,28
4/29/2021 20:08,-18.6083,-43.5309,28
4/29/2021 20:09,-18.5468,-43.5052,17
4/29/2021 20:09,-18.4807,-43.489,11
4/29/2021 20:10,-18.411,-43.4797,5
4/29/2021 20:11,-18.328,-43.4728,5
4/29/2021 20:11,-18.2142,-43.459,8
4/29/2021 20:12,-18.1465,-43.4496,8
4/29/2021 20:12,-18.0787,-43.4402,8
4/29/2021 20:13,-18.0115,-43.4309,8
4/29/2021 20:13,-17.9439,-43.4215,8
4/29/2021 20:14,-17.8805,-43.4127,8
4/29/2021 20:14,-17.8101,-43.403,8
4/29/2021 20:15,-17.7423,-43.3936,8
4/29/2021 20:15,-17.6758,-43.3845,7
4/29/2021 20:16,-17.606,-43.3749,8
4/29/2021 20:16,-17.536,-43.3654,8
4/29/2021 20:17,-17.4683,-43.3561,8
4/29/2021 20:17,-17.4006,-43.3467,8
4/29/2021 20:18,-17.3328,-43.3374,8
4/29/2021 20:18,-17.2656,-43.3281,8
4/29/2021 20:19,-17.1992,-43.3132,15
4/29/2021 20:19,-17.1374,-43.2918,21
4/29/2021 20:20,-17.074,-43.2614,28
4/29/2021 20:20,-17.0176,-43.2261,34
4/29/2021 20:21,-16.9603,-43.1852,35
4/29/2021 20:21,-16.9055,-43.1445,37
4/29/2021 20:22,-16.852,-43.1022,38
4/29/2021 20:22,-16.797,-43.0584,38
4/29/2021 20:23,-16.7426,-43.0177,33
4/29/2021 20:24,-16.6719,-42.9752,30
4/29/2021 20:24,-16.6119,-42.9399,30
4/29/2021 20:25,-16.5533,-42.9054,30
4/29/2021 20:25,-16.4961,-42.8713,32
4/29/2021 20:26,-16.4281,-42.8217,37
4/29/2021 20:26,-16.3452,-42.7582,37
4/29/2021 20:27,-16.2898,-42.7157,37
4/29/2021 20:27,-16.2367,-42.6761,34
4/29/2021 20:28,-16.1756,-42.6387,28
4/29/2021 20:28,-16.114,-42.6062,27
4/29/2021 20:29,-16.0524,-42.5737,27
4/29/2021 20:29,-15.9902,-42.5411,27
4/29/2021 20:30,-15.9299,-42.5094,27
4/29/2021 20:30,-15.8697,-42.4778,27
4/29/2021 20:31,-15.8085,-42.4458,27
4/29/2021 20:31,-15.7484,-42.4143,27
4/29/2021 20:32,-15.683,-42.3801,27
4/29/2021 20:32,-15.6205,-42.3472,27
4/29/2021 20:33,-15.5598,-42.3155,27
4/29/2021 20:33,-15.4983,-42.2834,27
4/29/2021 20:34,-15.4358,-42.2507,27
4/29/2021 20:34,-15.38,-42.2287,16
4/29/2021 20:35,-15.2825,-42.2131,7
4/29/2021 20:36,-15.2008,-42.2034,7
4/29/2021 20:36,-15.1205,-42.1919,11
4/29/2021 20:37,-15.0438,-42.1716,17
4/29/2021 20:37,-14.9748,-42.1446,24
4/29/2021 20:38,-14.8982,-42.1057,27
4/29/2021 20:39,-14.8287,-42.0697,27
4/29/2021 20:39,-14.7677,-42.0381,27
4/29/2021 20:40,-14.7055,-42.0058,27
4/29/2021 20:40,-14.6425,-41.9732,27
4/29/2021 20:41,-14.5816,-41.9416,27
4/29/2021 20:41,-14.5196,-41.9095,27
4/29/2021 20:42,-14.4593,-41.8784,27
4/29/2021 20:42,-14.3947,-41.8452,27
4/29/2021 20:43,-14.3323,-41.8132,27
4/29/2021 20:43,-14.2708,-41.7817,27
4/29/2021 20:44,-14.2097,-41.7479,32
4/29/2021 20:44,-14.1546,-41.7069,39
4/29/2021 20:45,-14.0996,-41.6527,47
4/29/2021 20:45,-14.0526,-41.6018,47
4/29/2021 20:46,-14.0047,-41.5502,47
4/29/2021 20:46,-13.9578,-41.4996,47
4/29/2021 20:47,-13.9102,-41.4483,46
4/29/2021 20:47,-13.8637,-41.398,47
4/29/2021 20:48,-13.8181,-41.3489,47
4/29/2021 20:48,-13.7716,-41.2987,46
4/29/2021 20:49,-13.7368,-41.2664,39
4/29/2021 20:49,-13.6859,-41.2332,28
4/29/2021 20:49,-13.6252,-41.2025,26
4/29/2021 20:50,-13.5649,-41.1722,26
4/29/2021 20:50,-13.5035,-41.1414,26
4/29/2021 20:51,-13.4419,-41.1104,26
4/29/2021 20:52,-13.3669,-41.0759,19
4/29/2021 20:52,-13.3239,-41.0659,9
4/29/2021 20:52,-13.2552,-41.057,7
4/29/2021 20:53,-13.1885,-41.0479,9
4/29/2021 20:53,-13.1216,-41.0322,16
4/29/2021 20:54,-13.0518,-41.0079,22
4/29/2021 20:55,-12.9717,-40.971,26
4/29/2021 20:55,-12.9109,-40.9399,27
4/29/2021 20:56,-12.8516,-40.91,26
4/29/2021 20:56,-12.7906,-40.8794,27
4/29/2021 20:56,-12.7504,-40.8534,36
4/29/2021 20:57,-12.6936,-40.7997,45
4/29/2021 20:58,-12.6195,-40.7252,45
4/29/2021 20:58,-12.572,-40.6774,45
4/29/2021 20:59,-12.5233,-40.6284,45
4/29/2021 20:59,-12.4747,-40.5796,45
4/29/2021 21:00,-12.4261,-40.5308,45
4/29/2021 21:00,-12.3788,-40.4732,52
4/29/2021 21:01,-12.3408,-40.4255,49
4/29/2021 21:01,-12.2994,-40.3882,36
4/29/2021 21:02,-12.2625,-40.3664,27
4/29/2021 21:02,-12.2005,-40.3364,25
4/29/2021 21:03,-12.1378,-40.3061,25
4/29/2021 21:03,-12.0704,-40.2737,25
4/29/2021 21:04,-11.9978,-40.2389,25
4/29/2021 21:04,-11.9344,-40.2084,25
4/29/2021 21:05,-11.8699,-40.1776,25
4/29/2021 21:05,-11.8061,-40.1469,25
4/29/2021 21:06,-11.7432,-40.1168,25
4/29/2021 21:06,-11.6806,-40.0868,25
4/29/2021 21:07,-11.6167,-40.0562,25
4/29/2021 21:07,-11.5511,-40.0249,25
4/29/2021 21:08,-11.4869,-39.9942,25
4/29/2021 21:08,-11.4224,-39.9633,25
4/29/2021 21:09,-11.3583,-39.9327,25
4/29/2021 21:09,-11.294,-39.902,25
4/29/2021 21:10,-11.2294,-39.8712,25
4/29/2021 21:10,-11.1648,-39.8404,25
4/29/2021 21:11,-11.1014,-39.8102,25
4/29/2021 21:11,-11.0383,-39.7801,25
4/29/2021 21:12,-10.9738,-39.7494,25
4/29/2021 21:12,-10.9105,-39.7193,25
4/29/2021 21:13,-10.8473,-39.6892,25
4/29/2021 21:13,-10.7828,-39.6586,25
4/29/2021 21:14,-10.7162,-39.6269,25
4/29/2021 21:14,-10.656,-39.5983,25
4/29/2021 21:15,-10.592,-39.568,25
4/29/2021 21:15,-10.5298,-39.5384,25
4/29/2021 21:16,-10.4666,-39.5084,25
4/29/2021 21:16,-10.4026,-39.478,25
4/29/2021 21:17,-10.3406,-39.4487,25
4/29/2021 21:17,-10.2785,-39.4193,25
4/29/2021 21:18,-10.2155,-39.3893,25
4/29/2021 21:18,-10.152,-39.3593,25
4/29/2021 21:19,-10.0881,-39.329,25
4/29/2021 21:19,-10.0243,-39.2989,25
4/29/2021 21:20,-9.9583,-39.2677,25
4/29/2021 21:20,-9.8945,-39.2375,25
4/29/2021 21:21,-9.8316,-39.2078,25
4/29/2021 21:21,-9.7677,-39.1776,25
4/29/2021 21:22,-9.7051,-39.148,25
4/29/2021 21:22,-9.6433,-39.119,25
4/29/2021 21:23,-9.5783,-39.0884,25
4/29/2021 21:23,-9.5156,-39.0587,25
4/29/2021 21:24,-9.4474,-39.0265,25
4/29/2021 21:24,-9.384,-38.9966,25
4/29/2021 21:25,-9.3167,-38.965,25
4/29/2021 21:25,-9.2515,-38.9343,25
4/29/2021 21:26,-9.1864,-38.9037,25
4/29/2021 21:26,-9.1255,-38.875,25
4/29/2021 21:27,-9.059,-38.8438,25
4/29/2021 21:27,-8.9974,-38.8149,25
4/29/2021 21:28,-8.9379,-38.7869,25
4/29/2021 21:28,-8.8756,-38.7577,25
4/29/2021 21:29,-8.812,-38.7279,25
4/29/2021 21:29,-8.7504,-38.699,25
4/29/2021 21:30,-8.6875,-38.6695,25
4/29/2021 21:30,-8.621,-38.6383,25
4/29/2021 21:31,-8.5521,-38.606,25
4/29/2021 21:31,-8.4899,-38.5768,25
4/29/2021 21:32,-8.4174,-38.5428,25
4/29/2021 21:33,-8.3448,-38.5089,25
4/29/2021 21:33,-8.2793,-38.4782,25
4/29/2021 21:34,-8.2169,-38.449,25
4/29/2021 21:34,-8.1551,-38.4201,25
4/29/2021 21:35,-8.0919,-38.3905,25
4/29/2021 21:35,-8.0313,-38.3623,25
4/29/2021 21:36,-7.968,-38.3327,25
4/29/2021 21:36,-7.9057,-38.3036,25
4/29/2021 21:37,-7.8449,-38.2752,25
4/29/2021 21:37,-7.7801,-38.2449,25
4/29/2021 21:38,-7.7184,-38.2162,25
4/29/2021 21:38,-7.6565,-38.1873,25
4/29/2021 21:39,-7.5922,-38.1574,25
4/29/2021 21:39,-7.5308,-38.1287,25
4/29/2021 21:40,-7.4701,-38.1005,25
4/29/2021 21:40,-7.4073,-38.0712,25
4/29/2021 21:41,-7.3456,-38.0424,25
4/29/2021 21:41,-7.282,-38.0129,25
4/29/2021 21:42,-7.2198,-37.984,25
4/29/2021 21:42,-7.1581,-37.9552,25
4/29/2021 21:43,-7.0947,-37.9258,25
4/29/2021 21:43,-7.0284,-37.895,25
4/29/2021 21:44,-6.9667,-37.8663,25
4/29/2021 21:44,-6.9048,-37.8375,25
4/29/2021 21:45,-6.8406,-37.8078,25
4/29/2021 21:45,-6.7783,-37.7789,25
4/29/2021 21:46,-6.7153,-37.7496,25
4/29/2021 21:46,-6.6535,-37.7209,25
4/29/2021 21:47,-6.59,-37.6915,25
4/29/2021 21:47,-6.5246,-37.6612,25
4/29/2021 21:48,-6.4638,-37.633,25
4/29/2021 21:48,-6.3987,-37.6028,25
4/29/2021 21:49,-6.3366,-37.574,25
4/29/2021 21:49,-6.2745,-37.5453,25
4/29/2021 21:50,-6.2134,-37.5169,25
4/29/2021 21:50,-6.1488,-37.4871,25
4/29/2021 21:51,-6.0872,-37.4586,25
4/29/2021 21:51,-6.024,-37.4292,25
4/29/2021 21:52,-5.9632,-37.4012,25
4/29/2021 21:52,-5.8988,-37.3714,25
4/29/2021 21:53,-5.8386,-37.3436,25
4/29/2021 21:53,-5.7731,-37.3132,25
4/29/2021 21:54,-5.7101,-37.2842,25
4/29/2021 21:54,-5.6495,-37.2561,25
4/29/2021 21:55,-5.5847,-37.2261,25
4/29/2021 21:55,-5.5246,-37.1984,25
4/29/2021 21:56,-5.4611,-37.1691,25
4/29/2021 21:56,-5.3976,-37.1398,25
4/29/2021 21:57,-5.3358,-37.1112,25
4/29/2021 21:57,-5.273,-37.0823,25
4/29/2021 21:58,-5.2119,-37.0541,25
4/29/2021 21:58,-5.1489,-37.025,25
4/29/2021 21:59,-5.0857,-36.9958,25
4/29/2021 21:59,-5.0243,-36.9676,25
4/29/2021 22:00,-4.9609,-36.9383,25
4/29/2021 22:00,-4.8986,-36.9096,25
4/29/2021 22:01,-4.8349,-36.8803,25
4/29/2021 22:01,-4.773,-36.8518,25
4/29/2021 22:02,-4.7094,-36.8225,25
4/29/2021 22:02,-4.6466,-36.7936,25
4/29/2021 22:03,-4.5838,-36.7647,25
4/29/2021 22:03,-4.5211,-36.7358,25
4/29/2021 22:04,-4.4516,-36.7038,25
4/29/2021 22:04,-4.3852,-36.6732,25
4/29/2021 22:05,-4.3208,-36.6436,25
4/29/2021 22:05,-4.2498,-36.6109,25
4/29/2021 22:06,-4.1879,-36.5824,25
4/29/2021 22:06,-4.1256,-36.5538,25
4/29/2021 22:07,-4.0622,-36.5247,25
4/29/2021 22:07,-3.9998,-36.496,25
4/29/2021 22:08,-3.9382,-36.4677,25
4/29/2021 22:08,-3.8759,-36.4391,25
4/29/2021 22:09,-3.8136,-36.4105,25
4/29/2021 22:09,-3.7519,-36.3821,25
4/29/2021 22:10,-3.6889,-36.3531,25
4/29/2021 22:10,-3.6271,-36.3248,25
4/29/2021 22:11,-3.5641,-36.2958,25
4/29/2021 22:11,-3.5023,-36.2674,25
4/29/2021 22:12,-3.4419,-36.2397,25
4/29/2021 22:12,-3.3747,-36.2088,25
4/29/2021 22:13,-3.3126,-36.1803,25
4/29/2021 22:13,-3.251,-36.1521,25
4/29/2021 22:14,-3.1886,-36.1235,25
4/29/2021 22:14,-3.1263,-36.095,25
4/29/2021 22:15,-3.0599,-36.0645,25
4/29/2021 22:15,-2.9976,-36.036,25
4/29/2021 22:16,-2.9358,-36.0077,25
4/29/2021 22:16,-2.8727,-35.9788,25
4/29/2021 22:17,-2.8109,-35.9504,25
4/29/2021 22:17,-2.7492,-35.9222,25
4/29/2021 22:18,-2.6873,-35.8937,25
4/29/2021 22:18,-2.6232,-35.8644,25
4/29/2021 22:19,-2.5612,-35.836,25
4/29/2021 22:19,-2.4996,-35.8077,25
4/29/2021 22:20,-2.4373,-35.7792,25
4/29/2021 22:20,-2.3758,-35.7511,25
4/29/2021 22:21,-2.3115,-35.7216,25
4/29/2021 22:21,-2.2515,-35.6909,30
4/29/2021 22:22,-2.1838,-35.6487,31
4/29/2021 22:23,-2.1156,-35.6136,25
4/29/2021 22:23,-2.0537,-35.5853,25
4/29/2021 22:24,-1.9903,-35.5563,25
4/29/2021 22:24,-1.8932,-35.5118,25
4/29/2021 22:25,-1.8281,-35.4821,25
4/29/2021 22:25,-1.7659,-35.4536,25
4/29/2021 22:26,-1.7028,-35.4202,29
4/29/2021 22:26,-1.6445,-35.3882,29
4/29/2021 22:27,-1.5831,-35.3546,29
4/29/2021 22:28,-1.5024,-35.3102,29
4/29/2021 22:28,-1.432,-35.2715,29
4/29/2021 22:29,-1.3639,-35.2341,29
4/29/2021 22:29,-1.2973,-35.1975,29
4/29/2021 22:30,-1.2259,-35.1582,29
4/29/2021 22:31,-1.1083,-35.0937,29
4/29/2021 22:32,-0.9972,-35.0327,29
4/29/2021 22:34,-0.7841,-34.919,28
4/29/2021 22:35,-0.6566,-34.851,28
4/29/2021 22:35,-0.6267,-34.8292,29
4/29/2021 22:35,-0.5665,-34.7961,29
4/29/2021 22:36,-0.4948,-34.7567,29
4/29/2021 22:37,-0.4237,-34.7177,29
4/29/2021 22:37,-0.3436,-34.6737,29
4/29/2021 22:39,-0.1076,-34.5442,29
4/29/2021 22:40,-0.0426,-34.5084,29
4/29/2021 22:42,0.1915,-34.3837,28
4/29/2021 22:44,0.4008,-34.2721,28
4/29/2021 22:45,0.5169,-34.2103,28
4/29/2021 22:46,0.6387,-34.1454,28
4/29/2021 22:48,0.8576,-34.0287,28
4/29/2021 22:49,0.9908,-33.9577,28
4/29/2021 22:51,1.2078,-33.842,28
4/29/2021 22:52,1.3277,-33.7781,28
4/29/2021 22:54,1.5561,-33.6563,28
4/29/2021 22:55,1.6741,-33.5934,28
4/29/2021 22:56,1.7901,-33.5315,28
4/29/2021 22:57,1.9043,-33.4706,28
4/29/2021 22:59,2.127,-33.3518,28
4/29/2021 23:00,2.2449,-33.2888,28
4/29/2021 23:02,2.4752,-33.1658,28
4/29/2021 23:04,2.6883,-33.052,28
4/29/2021 23:05,2.8177,-32.9829,28
4/29/2021 23:07,3.0403,-32.8639,28
4/29/2021 23:09,3.2591,-32.7469,28
4/29/2021 23:11,3.4988,-32.6187,28
4/29/2021 23:13,3.7194,-32.5006,28
4/29/2021 23:14,3.8335,-32.4395,28
4/29/2021 23:15,3.9477,-32.3783,28
4/29/2021 23:16,4.0732,-32.3111,28
4/29/2021 23:17,4.1873,-32.2499,28
4/29/2021 23:19,4.3946,-32.1388,28
4/29/2021 23:21,4.6418,-32.0061,28
4/29/2021 23:22,4.7559,-31.9448,28
4/29/2021 23:24,4.9822,-31.8233,28
4/29/2021 23:26,5.2046,-31.7036,28
4/29/2021 23:28,5.4289,-31.5829,28
4/29/2021 23:29,5.543,-31.5215,28
4/29/2021 23:30,5.6608,-31.4581,28
4/29/2021 23:31,5.7805,-31.3935,28
4/29/2021 23:33,6.0029,-31.2736,28
4/29/2021 23:34,6.1169,-31.2121,28
4/29/2021 23:35,6.2423,-31.1443,28
4/29/2021 23:37,6.4646,-31.0242,28
4/29/2021 23:39,6.6774,-30.9091,28
4/29/2021 23:40,6.8103,-30.8371,28
4/29/2021 23:42,7.0287,-30.7188,28
4/29/2021 23:44,7.2566,-30.5952,28
4/29/2021 23:46,7.4807,-30.4735,28
4/29/2021 23:47,7.606,-30.4054,28
4/29/2021 23:49,7.8319,-30.2825,28
4/29/2021 23:51,8.0616,-30.1574,28
4/29/2021 23:53,8.2874,-30.0342,28
4/29/2021 23:54,8.405,-29.97,28
4/29/2021 23:56,8.6194,-29.8528,28
4/29/2021 23:57,8.7332,-29.7905,28
4/29/2021 23:58,8.8603,-29.7209,28
4/30/2021 0:00,9.086,-29.5972,28
4/30/2021 0:02,9.3097,-29.4744,28
4/30/2021 0:04,9.5429,-29.3462,28
4/30/2021 0:06,9.7666,-29.2231,28
4/30/2021 0:08,9.9845,-29.1029,29
4/30/2021 0:09,10.1039,-29.037,29
4/30/2021 0:10,10.2233,-28.9711,29
4/30/2021 0:12,10.4525,-28.8443,29
4/30/2021 0:14,10.6494,-28.7352,29
4/30/2021 0:15,10.7896,-28.6574,29
4/30/2021 0:17,11.0149,-28.5323,29
4/30/2021 0:18,11.1341,-28.4659,29
4/30/2021 0:20,11.3537,-28.3436,29
4/30/2021 0:21,11.4729,-28.2771,29
4/30/2021 0:22,11.5864,-28.2137,29
4/30/2021 0:24,11.7907,-28.0995,29
4/30/2021 0:25,11.9117,-28.0317,29
4/30/2021 0:26,12.0328,-27.9639,29
4/30/2021 0:27,12.1538,-27.896,29
4/30/2021 0:29,12.3825,-27.7675,29
4/30/2021 0:31,12.6018,-27.6441,29
4/30/2021 0:33,12.802,-27.5311,29
4/30/2021 0:34,12.9419,-27.4522,29
4/30/2021 0:35,13.0608,-27.3849,29
4/30/2021 0:36,13.9296,-26.5922,30
4/30/2021 0:37,14.0441,-26.5238,30
4/30/2021 0:40,14.3565,-26.3479,29
4/30/2021 0:41,14.47,-26.2838,29
4/30/2021 0:41,14.5265,-26.235,30
4/30/2021 0:42,14.6271,-26.1745,30
4/30/2021 0:43,14.7057,-26.1272,30
4/30/2021 0:43,14.7657,-26.0912,30
4/30/2021 0:44,14.8255,-26.0551,30
4/30/2021 0:44,14.8843,-26.0197,30
4/30/2021 0:45,14.9449,-25.9832,30
4/30/2021 0:45,15.0049,-25.947,30
4/30/2021 0:46,15.0635,-25.9117,30
4/30/2021 0:47,15.1812,-25.8405,30
4/30/2021 0:48,15.2928,-25.773,30
4/30/2021 0:49,15.4759,-25.6621,31
4/30/2021 0:50,15.5368,-25.6252,31
4/30/2021 0:50,15.5949,-25.5899,31
4/30/2021 0:51,15.712,-25.5186,31
4/30/2021 0:52,15.7723,-25.4819,31
4/30/2021 0:52,15.8313,-25.446,31
4/30/2021 0:53,15.9408,-25.3792,31
4/30/2021 0:54,15.9989,-25.3438,31
4/30/2021 0:54,16.0596,-25.3067,31
4/30/2021 0:55,16.1183,-25.2709,31
4/30/2021 0:55,16.1768,-25.2351,31
4/30/2021 0:56,16.2365,-25.1986,31
4/30/2021 0:56,16.2953,-25.1626,31
4/30/2021 0:57,16.3549,-25.126,31
4/30/2021 0:57,16.4129,-25.0905,31
4/30/2021 0:58,16.473,-25.0536,31
4/30/2021 0:58,16.533,-25.0168,31
4/30/2021 0:59,16.5915,-24.9809,31
4/30/2021 0:59,16.6507,-24.9445,31
4/30/2021 1:00,16.7115,-24.9071,31
4/30/2021 1:00,16.7795,-24.8652,31
4/30/2021 1:01,16.8398,-24.828,31
4/30/2021 1:01,16.8994,-24.7913,31
4/30/2021 1:02,16.96,-24.7539,31
4/30/2021 1:03,17.0698,-24.686,31
4/30/2021 1:03,17.1307,-24.6484,31
4/30/2021 1:04,17.1896,-24.6119,31
4/30/2021 1:04,17.2592,-24.5688,31
4/30/2021 1:05,17.3193,-24.5315,31
4/30/2021 1:05,17.3782,-24.495,31
4/30/2021 1:06,17.4388,-24.4574,31
4/30/2021 1:06,17.4986,-24.4202,31
4/30/2021 1:07,17.5588,-24.3829,31
4/30/2021 1:07,17.6178,-24.3461,31
4/30/2021 1:08,17.6777,-24.3087,31
4/30/2021 1:08,17.7564,-24.2597,31
4/30/2021 1:09,17.8562,-24.1974,31
4/30/2021 1:10,17.9184,-24.1584,31
4/30/2021 1:10,17.9795,-24.1202,31
4/30/2021 1:11,18.0396,-24.0826,31
4/30/2021 1:11,18.0997,-24.045,31
4/30/2021 1:12,18.2196,-23.9698,31
4/30/2021 1:13,18.2797,-23.9321,31
4/30/2021 1:13,18.3389,-23.8948,31
4/30/2021 1:14,18.3986,-23.8573,31
4/30/2021 1:14,18.4618,-23.8175,31
4/30/2021 1:15,18.5825,-23.7415,31
4/30/2021 1:16,18.7005,-23.6669,31
4/30/2021 1:17,18.7618,-23.6283,31
4/30/2021 1:18,18.9494,-23.5094,31
4/30/2021 1:19,19.0163,-23.467,31
4/30/2021 1:20,19.1364,-23.3908,31
4/30/2021 1:22,19.3529,-23.2627,29
4/30/2021 1:22,19.4428,-23.1956,31
4/30/2021 1:24,19.6213,-23.0816,31
4/30/2021 1:24,19.6799,-23.044,31
4/30/2021 1:25,19.7397,-23.0056,31
4/30/2021 1:25,19.7991,-22.9676,31
4/30/2021 1:26,19.8756,-22.9184,31
4/30/2021 1:29,20.1872,-22.7178,31
4/30/2021 1:29,20.2463,-22.6797,31
4/30/2021 1:30,20.3487,-22.6134,31
4/30/2021 1:32,20.5386,-22.4996,29
4/30/2021 1:34,20.7623,-22.3651,29
4/30/2021 1:36,20.9802,-22.2336,29
4/30/2021 1:37,21.1023,-22.1597,29
4/30/2021 1:39,21.3256,-22.0242,29
4/30/2021 1:41,21.5527,-21.8859,30
4/30/2021 1:43,21.7721,-21.7519,30
4/30/2021 1:45,21.9914,-21.6174,30
4/30/2021 1:46,22.1057,-21.5471,30
4/30/2021 1:47,22.2256,-21.4732,30
4/30/2021 1:49,22.439,-21.3413,30
4/30/2021 1:50,22.5644,-21.2637,30
4/30/2021 1:52,22.7777,-21.1311,30
4/30/2021 1:53,22.8955,-21.0577,30
4/30/2021 1:54,23.0096,-20.9865,30
4/30/2021 1:56,23.2395,-20.8426,30
4/30/2021 1:58,23.4599,-20.704,30
4/30/2021 2:00,23.682,-20.5638,30
4/30/2021 2:02,23.9078,-20.4208,30
4/30/2021 2:03,24.0197,-20.3496,30
4/30/2021 2:05,24.2284,-20.2165,30
4/30/2021 2:06,24.3477,-20.1403,30
4/30/2021 2:07,24.3844,-19.9127,32
4/30/2021 2:08,24.4874,-19.8412,33
4/30/2021 2:09,24.5685,-19.7847,33
4/30/2021 2:10,24.6292,-19.7424,33
4/30/2021 2:10,24.6911,-19.6993,32
4/30/2021 2:11,24.7487,-19.6592,33
4/30/2021 2:12,24.8522,-19.5867,33
4/30/2021 2:13,24.9471,-19.5203,33
4/30/2021 2:13,25.0126,-19.4743,33
4/30/2021 2:14,25.0646,-19.4378,33
4/30/2021 2:15,25.1659,-19.3666,33
4/30/2021 2:15,25.2164,-19.3311,33
4/30/2021 2:16,25.2694,-19.2936,33
4/30/2021 2:17,25.3727,-19.2207,33
4/30/2021 2:18,25.4785,-19.1458,33
4/30/2021 2:18,25.5399,-19.1023,33
4/30/2021 2:19,25.5943,-19.0637,33
4/30/2021 2:19,25.647,-19.0263,33
4/30/2021 2:20,25.7422,-18.9585,33
4/30/2021 2:21,25.8043,-18.9142,33
4/30/2021 2:21,25.8571,-18.8766,33
4/30/2021 2:22,25.9088,-18.8396,33
4/30/2021 2:23,26.0149,-18.7637,33
4/30/2021 2:24,26.0946,-18.7065,33
4/30/2021 2:24,26.1461,-18.6695,33
4/30/2021 2:25,26.2239,-18.6136,33
4/30/2021 2:25,26.2741,-18.5773,33
4/30/2021 2:26,26.3801,-18.5009,33
4/30/2021 2:27,26.4333,-18.4626,33
4/30/2021 2:27,26.4865,-18.4241,33
4/30/2021 2:28,26.5391,-18.386,33
4/30/2021 2:28,26.5906,-18.3487,33
4/30/2021 2:29,26.6426,-18.311,33
4/30/2021 2:30,26.7013,-18.2684,33
4/30/2021 2:30,26.7766,-18.2136,33
4/30/2021 2:31,26.8302,-18.1745,33
4/30/2021 2:31,26.8816,-18.137,33
4/30/2021 2:32,26.9349,-18.0982,33
4/30/2021 2:32,26.9876,-18.0596,33
4/30/2021 2:33,27.04,-18.0213,33
4/30/2021 2:33,27.0929,-17.9826,33
4/30/2021 2:34,27.1445,-17.9447,33
4/30/2021 2:34,27.197,-17.9062,33
4/30/2021 2:35,27.2505,-17.8668,33
4/30/2021 2:35,27.3225,-17.8139,33
4/30/2021 2:36,27.3792,-17.7721,33
4/30/2021 2:36,27.4314,-17.7336,34
4/30/2021 2:37,27.4815,-17.6967,33
4/30/2021 2:37,27.5358,-17.6565,34
4/30/2021 2:38,27.5886,-17.6174,33
4/30/2021 2:38,27.6409,-17.5786,33
4/30/2021 2:39,27.6931,-17.5399,33
4/30/2021 2:39,27.7458,-17.5008,33
4/30/2021 2:40,27.7988,-17.4614,34
4/30/2021 2:40,27.8507,-17.4227,34
4/30/2021 2:41,27.9031,-17.3836,34
4/30/2021 2:42,27.9555,-17.3444,34
4/30/2021 2:42,28.0088,-17.3073,29
4/30/2021 2:43,28.0806,-17.2646,28
4/30/2021 2:43,28.1366,-17.2313,28
4/30/2021 2:44,28.191,-17.1988,28
4/30/2021 2:44,28.2461,-17.1659,28
4/30/2021 2:45,28.3016,-17.1328,28
4/30/2021 2:45,28.3556,-17.1005,28
4/30/2021 2:46,28.4106,-17.0675,28
4/30/2021 2:46,28.4655,-17.0346,28
4/30/2021 2:47,28.5371,-16.9916,28
4/30/2021 2:47,28.5861,-16.9622,28
4/30/2021 2:48,28.6415,-16.9289,28
4/30/2021 2:48,28.6965,-16.8957,28
4/30/2021 2:49,28.7511,-16.8628,28
4/30/2021 2:49,28.8071,-16.829,28
4/30/2021 2:50,28.8616,-16.7961,28
4/30/2021 2:50,28.9254,-16.7575,28
4/30/2021 2:51,28.9797,-16.7246,28
4/30/2021 2:51,29.0374,-16.6896,28
4/30/2021 2:52,29.0929,-16.6559,28
4/30/2021 2:52,29.1482,-16.6223,28
4/30/2021 2:53,29.2037,-16.5885,28
4/30/2021 2:53,29.2586,-16.555,28
4/30/2021 2:54,29.3142,-16.5211,28
4/30/2021 2:54,29.3809,-16.4804,28
4/30/2021 2:55,29.4335,-16.4482,28
4/30/2021 2:55,29.4876,-16.4151,28
4/30/2021 2:56,29.5423,-16.3815,28
4/30/2021 2:56,29.5988,-16.3469,28
4/30/2021 2:57,29.6544,-16.3127,28
4/30/2021 2:57,29.7085,-16.2794,28
4/30/2021 2:58,29.7632,-16.2456,28
4/30/2021 2:59,29.8193,-16.211,28
4/30/2021 2:59,29.8726,-16.1781,28
4/30/2021 3:00,29.927,-16.1445,28
4/30/2021 3:00,29.9832,-16.1096,28
4/30/2021 3:01,30.038,-16.0756,29
4/30/2021 3:01,30.0929,-16.0415,28
4/30/2021 3:02,30.1478,-16.0074,28
4/30/2021 3:02,30.2015,-15.974,29
4/30/2021 3:03,30.2569,-15.9394,28
4/30/2021 3:03,30.3107,-15.9058,28
4/30/2021 3:04,30.3658,-15.8713,29
4/30/2021 3:04,30.4199,-15.8375,29
4/30/2021 3:05,30.4758,-15.8024,29
4/30/2021 3:05,30.5306,-15.7681,29
4/30/2021 3:06,30.5856,-15.7335,29
4/30/2021 3:06,30.6398,-15.6994,29
4/30/2021 3:07,30.6956,-15.6642,29
4/30/2021 3:07,30.7494,-15.6303,29
4/30/2021 3:08,30.8036,-15.596,29
4/30/2021 3:08,30.858,-15.5617,29
4/30/2021 3:09,30.9136,-15.5264,29
4/30/2021 3:09,30.9667,-15.4926,29
4/30/2021 3:10,31.0227,-15.4571,29
4/30/2021 3:10,31.0765,-15.4224,30
4/30/2021 3:11,31.1331,-15.3799,33
4/30/2021 3:11,31.1853,-15.3403,33
4/30/2021 3:12,31.2535,-15.2883,33
4/30/2021 3:12,31.3203,-15.2373,33
4/30/2021 3:13,31.3712,-15.1984,33
4/30/2021 3:13,31.4257,-15.1566,33
4/30/2021 3:14,31.4782,-15.1174,32
4/30/2021 3:14,31.5312,-15.0781,33
4/30/2021 3:15,31.5831,-15.0394,33
4/30/2021 3:15,31.6354,-15.0004,33
4/30/2021 3:16,31.6876,-14.9614,33
4/30/2021 3:16,31.7392,-14.9226,33
4/30/2021 3:17,31.7916,-14.8834,33
4/30/2021 3:17,31.8444,-14.8437,33
4/30/2021 3:18,31.8966,-14.8043,33
4/30/2021 3:18,31.9487,-14.765,33
4/30/2021 3:19,32.0004,-14.726,33
4/30/2021 3:19,32.0525,-14.6865,33
4/30/2021 3:20,32.104,-14.6475,33
4/30/2021 3:20,32.1568,-14.6075,33
4/30/2021 3:21,32.2067,-14.5696,33
4/30/2021 3:21,32.2605,-14.5288,33
4/30/2021 3:22,32.3127,-14.489,33
4/30/2021 3:22,32.3642,-14.4499,33
4/30/2021 3:23,32.4147,-14.4113,33
4/30/2021 3:23,32.4679,-14.3706,33
4/30/2021 3:24,32.5491,-14.3084,33
4/30/2021 3:25,32.6233,-14.2515,33
4/30/2021 3:26,32.7259,-14.1726,33
4/30/2021 3:26,32.7777,-14.1328,33
4/30/2021 3:27,32.8597,-14.0693,33
4/30/2021 3:28,32.9116,-14.0291,33
4/30/2021 3:29,32.9955,-13.9641,33
4/30/2021 3:30,33.1151,-13.8712,33
4/30/2021 3:30,33.173,-13.8261,33
4/30/2021 3:31,33.2437,-13.7709,33
4/30/2021 3:32,33.3711,-13.6713,33
4/30/2021 3:33,33.4267,-13.6276,33
4/30/2021 3:35,33.6567,-13.4492,33
4/30/2021 3:37,33.8774,-13.277,33
4/30/2021 3:38,33.9859,-13.192,33
4/30/2021 3:40,34.1882,-13.0326,33
4/30/2021 3:41,34.3092,-12.937,33
4/30/2021 3:42,34.4174,-12.851,33
4/30/2021 3:43,34.5256,-12.7649,33
4/30/2021 3:44,34.6373,-12.6757,33
4/30/2021 3:46,34.8497,-12.5052,33
4/30/2021 3:48,35.0637,-12.3323,33
4/30/2021 3:49,35.0445,-12.3273,34
4/30/2021 3:49,35.1273,-12.2591,34
4/30/2021 3:50,35.1986,-12.2003,34
4/30/2021 3:51,35.2495,-12.1582,34
4/30/2021 3:51,35.3004,-12.1159,34
4/30/2021 3:52,35.3749,-12.0541,34
4/30/2021 3:53,35.4539,-11.9884,34
4/30/2021 3:53,35.5042,-11.9465,34
4/30/2021 3:54,35.5562,-11.903,34
4/30/2021 3:54,35.609,-11.8588,34
4/30/2021 3:55,35.6606,-11.8156,34
4/30/2021 3:55,35.7132,-11.7713,34
4/30/2021 3:56,35.7646,-11.7281,34
4/30/2021 3:56,35.8152,-11.6855,35
4/30/2021 3:57,35.8663,-11.6425,34
4/30/2021 3:57,35.9174,-11.5994,34
4/30/2021 3:58,35.9703,-11.5547,35
4/30/2021 3:58,36.0226,-11.5105,35
4/30/2021 3:59,36.0758,-11.4654,35
4/30/2021 3:59,36.1416,-11.4091,35
4/30/2021 4:00,36.1946,-11.3639,35
4/30/2021 4:00,36.2473,-11.3191,35
4/30/2021 4:01,36.2982,-11.2756,35
4/30/2021 4:01,36.349,-11.2322,35
4/30/2021 4:02,36.4019,-11.1869,35
4/30/2021 4:02,36.4532,-11.1428,35
4/30/2021 4:03,36.5138,-11.0908,35
4/30/2021 4:03,36.5678,-11.044,35
4/30/2021 4:04,36.6185,-11.0003,35
4/30/2021 4:04,36.669,-10.9565,35
4/30/2021 4:05,36.7197,-10.9126,35
4/30/2021 4:05,36.7684,-10.8702,35
4/30/2021 4:06,36.8173,-10.8279,35
4/30/2021 4:06,36.8632,-10.7879,35
4/30/2021 4:07,36.9106,-10.7465,35
4/30/2021 4:07,36.958,-10.7052,35
4/30/2021 4:08,37.0028,-10.6659,35
4/30/2021 4:08,37.0468,-10.6274,35
4/30/2021 4:09,37.0905,-10.5891,35
4/30/2021 4:09,37.1344,-10.5504,35
4/30/2021 4:10,37.176,-10.5139,35
4/30/2021 4:10,37.2161,-10.4786,35
4/30/2021 4:11,37.261,-10.4392,35
4/30/2021 4:11,37.3007,-10.404,35
4/30/2021 4:12,37.3443,-10.3655,35
4/30/2021 4:12,37.3869,-10.3274,36
4/30/2021 4:13,37.4295,-10.2898,35
4/30/2021 4:13,37.4711,-10.2528,36
4/30/2021 4:14,37.5124,-10.216,35
4/30/2021 4:14,37.5547,-10.1784,35
4/30/2021 4:15,37.597,-10.1401,37
4/30/2021 4:16,37.6499,-10.0833,42
4/30/2021 4:16,37.6883,-10.0404,42
4/30/2021 4:17,37.7264,-9.9979,42
4/30/2021 4:17,37.7635,-9.9564,42
4/30/2021 4:17,37.789,-9.9274,44
4/30/2021 4:18,37.8078,-9.9012,52
4/30/2021 4:18,37.8456,-9.828,58
4/30/2021 4:19,37.8717,-9.7756,58
4/30/2021 4:19,37.8977,-9.7232,58
4/30/2021 4:20,37.9152,-9.6898,54
4/30/2021 4:20,37.9559,-9.6393,43
4/30/2021 4:21,37.9871,-9.6052,38
4/30/2021 4:21,38.0181,-9.5742,38
4/30/2021 4:22,38.05,-9.5425,38
4/30/2021 4:22,38.0805,-9.5122,36
4/30/2021 4:23,38.0971,-9.5001,26
4/30/2021 4:23,38.1504,-9.4717,23
4/30/2021 4:24,38.1707,-9.4585,34
4/30/2021 4:24,38.1988,-9.4285,41
4/30/2021 4:25,38.2271,-9.3975,41
4/30/2021 4:25,38.2493,-9.3737,35
4/30/2021 4:25,38.2679,-9.3633,19
4/30/2021 4:26,38.2944,-9.3528,17
4/30/2021 4:26,38.3269,-9.3405,17
4/30/2021 4:27,38.3582,-9.3283,17
4/30/2021 4:27,38.3895,-9.3163,17
4/30/2021 4:28,38.4209,-9.3039,17
4/30/2021 4:28,38.4495,-9.2926,17
4/30/2021 4:29,38.4794,-9.2808,18
4/30/2021 4:29,38.5091,-9.2691,17
4/30/2021 4:30,38.5386,-9.2577,17
4/30/2021 4:30,38.5535,-9.2527,11
4/30/2021 4:30,38.5685,-9.2484,17
4/30/2021 4:31,38.5881,-9.2389,22
4/30/2021 4:31,38.6124,-9.2259,23
4/30/2021 4:32,38.6356,-9.2137,23
4/30/2021 4:32,38.6574,-9.2021,23
4/30/2021 4:33,38.6786,-9.1908,22
4/30/2021 4:33,38.6984,-9.1802,24
4/30/2021 4:34,38.7148,-9.1714,22
4/30/2021 4:34,38.7233,-9.167,23
4/30/2021 4:34,38.7331,-9.1618,23
4/30/2021 4:34,38.7425,-9.1568,23
4/30/2021 4:35,38.7534,-9.1509,23
