Time (EDT),Latitude,Longitude,Course
8/8/2016 17:15,47.48,8.5389,317
8/8/2016 17:16,47.492,8.5226,321
8/8/2016 17:16,47.5033,8.5119,330
8/8/2016 17:16,47.5159,8.5015,331
8/8/2016 17:16,47.5282,8.4885,313
8/8/2016 17:17,47.534,8.4678,286
8/8/2016 17:17,47.5343,8.445,261
8/8/2016 17:17,47.5251,8.4085,245
8/8/2016 17:18,47.5142,8.3889,216
8/8/2016 17:18,47.4967,8.3802,192
8/8/2016 17:18,47.4635,8.3692,191
8/8/2016 17:19,47.4359,8.3612,193
8/8/2016 17:19,47.4088,8.3524,194
8/8/2016 17:19,47.3913,8.342,210
8/8/2016 17:20,47.373,8.3167,233
8/8/2016 17:20,47.3617,8.2836,246
8/8/2016 17:21,47.339,8.21,246
8/8/2016 17:21,47.3202,8.1471,246
8/8/2016 17:22,47.2998,8.0798,246
8/8/2016 17:22,47.2839,8.0281,246
8/8/2016 17:23,47.2565,7.9395,246
8/8/2016 17:23,47.2396,7.8849,246
8/8/2016 17:24,47.217,7.8121,246
8/8/2016 17:24,47.1957,7.7465,242
8/8/2016 17:24,47.1762,7.7008,236
8/8/2016 17:25,47.1423,7.6367,233
8/8/2016 17:25,47.1071,7.572,231
8/8/2016 17:26,47.053,7.4719,232
8/8/2016 17:26,47.0319,7.433,232
8/8/2016 17:27,46.9958,7.3669,231
8/8/2016 17:27,46.9592,7.3001,231
8/8/2016 17:28,46.9206,7.2298,231
8/8/2016 17:28,46.8823,7.16,231
8/8/2016 17:29,46.8434,7.0892,231
8/8/2016 17:29,46.8062,7.0219,232
8/8/2016 17:30,46.7666,6.9502,231
8/8/2016 17:30,46.7249,6.8751,231
8/8/2016 17:31,46.6858,6.8047,231
8/8/2016 17:31,46.6557,6.7576,224
8/8/2016 17:32,46.6346,6.7316,218
8/8/2016 17:32,46.5963,6.696,208
8/8/2016 17:32,46.5446,6.6655,199
8/8/2016 17:33,46.4755,6.6313,200
8/8/2016 17:33,46.4073,6.5984,198
8/8/2016 17:34,46.3425,6.567,199
8/8/2016 17:34,46.3077,6.5501,199
8/8/2016 17:35,46.2365,6.5153,199
8/8/2016 17:35,46.1722,6.4839,200
8/8/2016 17:36,46.1022,6.4481,200
8/8/2016 17:36,46.0376,6.4135,201
8/8/2016 17:37,45.9733,6.3792,201
8/8/2016 17:37,45.9095,6.3456,200
8/8/2016 17:38,45.8449,6.3118,200
8/8/2016 17:38,45.7786,6.2773,201
8/8/2016 17:39,45.7135,6.2436,200
8/8/2016 17:39,45.6481,6.2098,200
8/8/2016 17:40,45.5841,6.1767,200
8/8/2016 17:40,45.5185,6.1429,200
8/8/2016 17:41,45.4478,6.1066,200
8/8/2016 17:41,45.3887,6.0763,200
8/8/2016 17:42,45.3165,6.0393,200
8/8/2016 17:42,45.2302,5.9953,201
8/8/2016 17:43,45.1626,5.9609,201
8/8/2016 17:43,45.0973,5.9278,201
8/8/2016 17:44,45.0334,5.8954,200
8/8/2016 17:44,44.9669,5.8619,201
8/8/2016 17:45,44.8997,5.8278,200
8/8/2016 17:45,44.834,5.7949,201
8/8/2016 17:46,44.7642,5.7598,200
8/8/2016 17:46,44.7002,5.7279,200
8/8/2016 17:47,44.6347,5.6952,201
8/8/2016 17:47,44.5684,5.6622,201
8/8/2016 17:48,44.4949,5.6257,200
8/8/2016 17:48,44.4283,5.5928,200
8/8/2016 17:49,44.3611,5.5595,200
8/8/2016 17:49,44.2944,5.5267,200
8/8/2016 17:50,44.2361,5.4896,207
8/8/2016 17:50,44.1738,5.4413,211
8/8/2016 17:51,44.1151,5.3896,213
8/8/2016 17:51,44.0567,5.3378,212
8/8/2016 17:52,43.9878,5.2777,212
8/8/2016 17:53,43.9286,5.2265,212
8/8/2016 17:53,43.8685,5.1749,212
8/8/2016 17:54,43.8086,5.1237,212
8/8/2016 17:54,43.751,5.0742,212
8/8/2016 17:55,43.6924,5.024,212
8/8/2016 17:55,43.6315,4.9718,212
8/8/2016 17:56,43.5709,4.9201,212
8/8/2016 17:56,43.5105,4.8685,212
8/8/2016 17:57,43.4575,4.8227,215
8/8/2016 17:57,43.3853,4.744,219
8/8/2016 17:58,43.3317,4.6844,219
8/8/2016 17:58,43.2778,4.6261,218
8/8/2016 17:59,43.2249,4.5701,218
8/8/2016 17:59,43.1696,4.512,218
8/8/2016 18:00,43.1174,4.4551,219
8/8/2016 18:00,43.0607,4.3931,219
8/8/2016 18:01,43.0079,4.3356,219
8/8/2016 18:01,42.9537,4.277,219
8/8/2016 18:02,42.8973,4.2161,218
8/8/2016 18:02,42.8454,4.1599,219
8/8/2016 18:03,42.7824,4.0922,219
8/8/2016 18:03,42.7171,4.0221,218
8/8/2016 18:04,42.6628,3.9636,218
8/8/2016 18:04,42.6076,3.9046,218
8/8/2016 18:05,42.5531,3.8464,218
8/8/2016 18:05,42.5002,3.7902,218
8/8/2016 18:06,42.445,3.7315,218
8/8/2016 18:06,42.3907,3.674,218
8/8/2016 18:07,42.3372,3.6172,218
8/8/2016 18:07,42.2794,3.5561,218
8/8/2016 18:08,42.2236,3.4975,218
8/8/2016 18:09,42.1574,3.4279,218
8/8/2016 18:09,42.099,3.3666,218
8/8/2016 18:10,42.0444,3.3096,218
8/8/2016 18:10,41.9889,3.2516,218
8/8/2016 18:11,41.9444,3.1967,226
8/8/2016 18:11,41.9141,3.1501,232
8/8/2016 18:11,41.8697,3.0727,232
8/8/2016 18:12,41.8305,3.0044,233
8/8/2016 18:13,41.7774,2.912,232
8/8/2016 18:13,41.7368,2.8416,233
8/8/2016 18:14,41.6936,2.7671,232
8/8/2016 18:14,41.6522,2.6959,232
8/8/2016 18:15,41.6111,2.6252,233
8/8/2016 18:15,41.5697,2.5543,232
8/8/2016 18:16,41.5282,2.4832,232
8/8/2016 18:16,41.489,2.4163,233
8/8/2016 18:17,41.4444,2.3403,233
8/8/2016 18:17,41.4017,2.268,232
8/8/2016 18:17,41.3672,2.2098,231
8/8/2016 18:18,41.3189,2.1374,227
8/8/2016 18:18,41.2758,2.0822,222
8/8/2016 18:19,41.2238,2.023,220
8/8/2016 18:19,41.171,1.9643,220
8/8/2016 18:20,41.1164,1.9036,220
8/8/2016 18:20,41.0624,1.8433,220
8/8/2016 18:21,41.0088,1.7836,220
8/8/2016 18:21,40.9566,1.7243,221
8/8/2016 18:22,40.9071,1.6674,221
8/8/2016 18:22,40.8526,1.6048,221
8/8/2016 18:23,40.8021,1.5473,221
8/8/2016 18:23,40.7477,1.4855,221
8/8/2016 18:24,40.7069,1.4394,221
8/8/2016 18:24,40.6675,1.3948,221
8/8/2016 18:25,40.6401,1.364,222
8/8/2016 18:25,40.5834,1.3002,221
8/8/2016 18:26,40.5313,1.2416,221
8/8/2016 18:26,40.456,1.1573,221
8/8/2016 18:27,40.4084,1.1041,222
8/8/2016 18:27,40.3368,1.0243,221
8/8/2016 18:28,40.2851,0.9667,221
8/8/2016 18:28,40.2283,0.9036,220
8/8/2016 18:29,40.1697,0.8388,220
8/8/2016 18:29,40.1144,0.7778,220
8/8/2016 18:30,40.0612,0.7189,220
8/8/2016 18:30,40.0076,0.66,220
8/8/2016 18:31,39.9488,0.5954,220
8/8/2016 18:31,39.8956,0.5371,220
8/8/2016 18:32,39.8415,0.4781,220
8/8/2016 18:32,39.7866,0.4181,220
8/8/2016 18:33,39.7321,0.3589,220
8/8/2016 18:34,39.6743,0.2963,220
8/8/2016 18:34,39.6178,0.235,220
8/8/2016 18:35,39.5601,0.1724,220
8/8/2016 18:35,39.5032,0.111,220
8/8/2016 18:36,39.4484,0.052,220
8/8/2016 18:36,39.3894,-0.0114,220
8/8/2016 18:37,39.335,-0.0696,220
8/8/2016 18:37,39.28,-0.1285,220
8/8/2016 18:38,39.2261,-0.186,220
8/8/2016 18:38,39.17,-0.2455,220
8/8/2016 18:39,39.1162,-0.3028,220
8/8/2016 18:39,39.0598,-0.3627,220
8/8/2016 18:40,39.0032,-0.4226,220
8/8/2016 18:40,38.9487,-0.4803,219
8/8/2016 18:41,38.8932,-0.5386,219
8/8/2016 18:41,38.8391,-0.5955,219
8/8/2016 18:42,38.7858,-0.6514,219
8/8/2016 18:42,38.7272,-0.7129,219
8/8/2016 18:43,38.6754,-0.7669,219
8/8/2016 18:43,38.6171,-0.8278,219
8/8/2016 18:44,38.5615,-0.8857,219
8/8/2016 18:44,38.5058,-0.9436,219
8/8/2016 18:45,38.4537,-0.9975,219
8/8/2016 18:45,38.3996,-1.0535,219
8/8/2016 18:46,38.3457,-1.1092,219
8/8/2016 18:46,38.2929,-1.1637,219
8/8/2016 18:47,38.2385,-1.2195,219
8/8/2016 18:47,38.1823,-1.2772,219
8/8/2016 18:48,38.1309,-1.3299,219
8/8/2016 18:48,38.0767,-1.3853,220
8/8/2016 18:49,38.021,-1.4394,215
8/8/2016 18:49,37.9578,-1.4953,215
8/8/2016 18:50,37.9014,-1.5451,215
8/8/2016 18:50,37.8439,-1.5942,213
8/8/2016 18:51,37.7852,-1.6429,213
8/8/2016 18:51,37.7198,-1.6973,214
8/8/2016 18:52,37.6624,-1.7455,214
8/8/2016 18:52,37.6043,-1.7943,214
8/8/2016 18:53,37.5458,-1.8435,214
8/8/2016 18:53,37.4884,-1.8916,214
8/8/2016 18:54,37.4333,-1.9377,214
8/8/2016 18:54,37.372,-1.9888,214
8/8/2016 18:55,37.3159,-2.0353,214
8/8/2016 18:56,37.2552,-2.0856,214
8/8/2016 18:56,37.1971,-2.1336,213
8/8/2016 18:57,37.138,-2.1822,213
8/8/2016 18:57,37.0803,-2.2298,213
8/8/2016 18:58,37.0228,-2.2771,213
8/8/2016 18:58,36.9628,-2.3265,213
8/8/2016 18:59,36.9043,-2.3743,213
8/8/2016 18:59,36.8441,-2.4235,213
8/8/2016 19:00,36.7878,-2.4695,213
8/8/2016 19:00,36.7283,-2.5179,213
8/8/2016 19:01,36.6706,-2.5648,213
8/8/2016 19:01,36.6121,-2.6122,213
8/8/2016 19:02,36.5542,-2.6591,213
8/8/2016 19:02,36.4962,-2.706,213
8/8/2016 19:03,36.4364,-2.7542,213
8/8/2016 19:03,36.3784,-2.801,213
8/8/2016 19:04,36.3186,-2.8491,213
8/8/2016 19:04,36.26,-2.896,213
8/8/2016 19:05,36.2004,-2.9438,213
8/8/2016 19:05,36.1418,-2.9907,213
8/8/2016 19:06,36.0826,-3.0378,213
8/8/2016 19:06,36.0269,-3.0823,213
8/8/2016 19:07,35.9655,-3.1311,213
8/8/2016 19:07,35.9073,-3.1772,213
8/8/2016 19:08,35.8496,-3.2238,214
8/8/2016 19:08,35.7882,-3.2781,217
8/8/2016 19:09,35.732,-3.3302,217
8/8/2016 19:09,35.6771,-3.3821,218
8/8/2016 19:10,35.6225,-3.4342,218
8/8/2016 19:10,35.5675,-3.4868,218
8/8/2016 19:11,35.5133,-3.5386,218
8/8/2016 19:11,35.4593,-3.5902,218
8/8/2016 19:12,35.4026,-3.6442,218
8/8/2016 19:12,35.3484,-3.6957,218
8/8/2016 19:13,35.2913,-3.7499,218
8/8/2016 19:13,35.2361,-3.8022,218
8/8/2016 19:14,35.1798,-3.8552,218
8/8/2016 19:14,35.1243,-3.9076,218
8/8/2016 19:15,35.0684,-3.9602,218
8/8/2016 19:15,35.0084,-4.0165,218
8/8/2016 19:16,34.9481,-4.0731,218
8/8/2016 19:16,34.8921,-4.1255,218
8/8/2016 19:17,34.8357,-4.1781,218
8/8/2016 19:17,34.7815,-4.2286,218
8/8/2016 19:18,34.7248,-4.2813,218
8/8/2016 19:18,34.6686,-4.3335,217
8/8/2016 19:19,34.6149,-4.3833,217
8/8/2016 19:19,34.5576,-4.4364,217
8/8/2016 19:20,34.5033,-4.4867,218
8/8/2016 19:20,34.4479,-4.5378,217
8/8/2016 19:21,34.3923,-4.589,217
8/8/2016 19:21,34.3358,-4.6408,217
8/8/2016 19:22,34.281,-4.691,217
8/8/2016 19:22,34.2266,-4.7409,217
8/8/2016 19:23,34.1726,-4.7938,221
8/8/2016 19:23,34.1193,-4.8561,227
8/8/2016 19:24,34.0743,-4.918,229
8/8/2016 19:24,34.0279,-4.983,229
8/8/2016 19:25,33.9737,-5.0589,229
8/8/2016 19:25,33.9288,-5.1201,228
8/8/2016 19:26,33.8815,-5.1828,228
8/8/2016 19:26,33.8343,-5.2453,228
8/8/2016 19:27,33.7841,-5.312,228
8/8/2016 19:27,33.7368,-5.375,228
8/8/2016 19:28,33.6908,-5.4359,228
8/8/2016 19:28,33.6422,-5.5005,228
8/8/2016 19:29,33.5955,-5.5624,228
8/8/2016 19:30,33.5386,-5.6376,228
8/8/2016 19:30,33.4542,-5.7489,228
8/8/2016 19:31,33.3982,-5.8225,228
8/8/2016 19:32,33.351,-5.8843,228
8/8/2016 19:32,33.3038,-5.946,228
8/8/2016 19:33,33.2544,-6.0107,228
8/8/2016 19:33,33.2061,-6.0737,228
8/8/2016 19:34,33.1543,-6.1411,228
8/8/2016 19:34,33.0956,-6.2173,228
8/8/2016 19:35,33.0315,-6.3004,228
8/8/2016 19:35,32.9831,-6.3632,228
8/8/2016 19:36,32.9184,-6.4467,228
8/8/2016 19:37,32.8708,-6.5081,227
8/8/2016 19:37,32.8224,-6.5703,227
8/8/2016 19:38,32.7741,-6.6323,227
8/8/2016 19:38,32.7259,-6.694,227
8/8/2016 19:39,32.678,-6.7554,227
8/8/2016 19:39,32.6295,-6.8172,227
8/8/2016 19:40,32.5807,-6.8795,227
8/8/2016 19:40,32.528,-6.9457,225
8/8/2016 19:41,32.4739,-7.0024,219
8/8/2016 19:41,32.3965,-7.0659,212
8/8/2016 19:42,32.3361,-7.1102,212
8/8/2016 19:42,32.2646,-7.1623,212
8/8/2016 19:43,32.206,-7.2052,212
8/8/2016 19:44,32.1185,-7.2725,214
8/8/2016 19:44,32.0599,-7.3181,213
8/8/2016 19:45,32.0002,-7.3642,213
8/8/2016 19:45,31.9411,-7.4097,213
8/8/2016 19:46,31.8817,-7.4552,213
8/8/2016 19:46,31.823,-7.5,213
8/8/2016 19:47,31.7644,-7.5447,213
8/8/2016 19:47,31.7057,-7.5894,213
8/8/2016 19:48,31.6476,-7.6334,213
8/8/2016 19:48,31.5883,-7.6785,213
8/8/2016 19:49,31.4718,-7.7668,213
8/8/2016 19:50,31.4128,-7.8115,213
8/8/2016 19:50,31.3534,-7.8563,213
8/8/2016 19:51,31.2715,-7.9179,213
8/8/2016 19:52,31.1786,-7.9879,213
8/8/2016 19:52,31.1198,-8.032,213
8/8/2016 19:53,31.0606,-8.0764,213
8/8/2016 19:53,31.0029,-8.1197,213
8/8/2016 19:54,30.8961,-8.1993,213
8/8/2016 19:55,30.8344,-8.2454,213
8/8/2016 19:55,30.7742,-8.2901,213
8/8/2016 19:56,30.7146,-8.3344,213
8/8/2016 19:56,30.6046,-8.4159,213
8/8/2016 19:57,30.5433,-8.4612,213
8/8/2016 19:57,30.4827,-8.5062,213
8/8/2016 19:58,30.4224,-8.5506,213
8/8/2016 19:59,30.3585,-8.5976,213
8/8/2016 19:59,30.2443,-8.6816,213
8/8/2016 20:00,30.1763,-8.7314,213
8/8/2016 20:01,30.0661,-8.8121,212
8/8/2016 20:01,30.0082,-8.8542,212
8/8/2016 20:02,29.9463,-8.8993,212
8/8/2016 20:02,29.883,-8.9455,212
8/8/2016 20:03,29.7691,-9.0282,212
8/8/2016 20:04,29.6483,-9.1157,212
8/8/2016 20:06,29.464,-9.2824,218
8/8/2016 20:07,29.3752,-9.3127,212
8/8/2016 20:07,29.2858,-9.3768,212
8/8/2016 20:08,29.1623,-9.4653,212
8/8/2016 20:09,29.0427,-9.5507,212
8/8/2016 20:10,28.9698,-9.6025,212
8/8/2016 20:11,28.9011,-9.6514,212
8/8/2016 20:11,28.8397,-9.6951,212
8/8/2016 20:12,28.7072,-9.789,212
8/8/2016 20:13,28.6151,-9.8541,212
8/8/2016 20:14,28.5238,-9.9185,212
8/8/2016 20:14,28.4327,-9.9825,212
8/8/2016 20:15,28.3668,-10.0289,212
8/8/2016 20:16,28.3003,-10.0755,212
8/8/2016 20:16,28.2069,-10.141,212
8/8/2016 20:17,28.1211,-10.2008,212
8/8/2016 20:18,28.0601,-10.2435,212
8/8/2016 20:18,27.999,-10.2861,212
8/8/2016 20:19,27.9383,-10.3283,212
8/8/2016 20:19,27.8762,-10.3715,212
8/8/2016 20:20,27.8159,-10.4134,212
8/8/2016 20:20,27.7457,-10.462,212
8/8/2016 20:21,27.6837,-10.5032,209
8/8/2016 20:21,27.6288,-10.5328,203
8/8/2016 20:22,27.5319,-10.5752,201
8/8/2016 20:22,27.4649,-10.6038,201
8/8/2016 20:23,27.3945,-10.6338,201
8/8/2016 20:23,27.3109,-10.6696,201
8/8/2016 20:24,27.227,-10.7055,201
8/8/2016 20:25,27.161,-10.7338,201
8/8/2016 20:25,27.0931,-10.7629,201
8/8/2016 20:26,27.0268,-10.7911,201
8/8/2016 20:26,26.959,-10.8201,201
8/8/2016 20:27,26.8901,-10.8493,201
8/8/2016 20:27,26.824,-10.8774,201
8/8/2016 20:28,26.753,-10.9076,201
8/8/2016 20:28,26.6854,-10.9362,201
8/8/2016 20:29,26.6201,-10.9638,201
8/8/2016 20:29,26.5513,-10.993,201
8/8/2016 20:30,26.4863,-11.0204,201
8/8/2016 20:30,26.4154,-11.0503,201
8/8/2016 20:31,26.3452,-11.08,201
8/8/2016 20:31,26.2779,-11.1082,201
8/8/2016 20:32,26.2103,-11.1366,201
8/8/2016 20:32,26.1435,-11.1646,201
8/8/2016 20:33,26.0777,-11.1922,201
8/8/2016 20:33,25.9898,-11.229,201
8/8/2016 20:34,25.9023,-11.2656,201
8/8/2016 20:34,25.8307,-11.2954,201
8/8/2016 20:35,25.7447,-11.3312,201
8/8/2016 20:36,25.673,-11.361,201
8/8/2016 20:36,25.6066,-11.3887,201
8/8/2016 20:37,25.5387,-11.4168,201
8/8/2016 20:37,25.4704,-11.4452,201
8/8/2016 20:38,25.3973,-11.4754,201
8/8/2016 20:38,25.3292,-11.5036,201
8/8/2016 20:39,25.2623,-11.5312,201
8/8/2016 20:39,25.1944,-11.5591,200
8/8/2016 20:40,25.0972,-11.5957,199
8/8/2016 20:40,25.0268,-11.6218,199
8/8/2016 20:41,24.9323,-11.6572,199
8/8/2016 20:42,24.8585,-11.6849,199
8/8/2016 20:42,24.7804,-11.7143,199
8/8/2016 20:43,24.694,-11.7468,199
8/8/2016 20:45,24.439,-11.9632,218
8/8/2016 20:46,24.2666,-11.9069,199
8/8/2016 20:48,24.0307,-12.1065,218
8/8/2016 20:50,23.8276,-12.2776,218
8/8/2016 20:51,23.7146,-12.3725,218
8/8/2016 20:53,23.5269,-12.5297,218
8/8/2016 20:54,23.4103,-12.627,217
8/8/2016 20:55,23.3007,-12.7183,217
8/8/2016 20:56,23.1927,-12.8081,217
8/8/2016 20:58,22.9923,-12.9742,217
8/8/2016 20:59,22.8754,-13.0707,217
8/8/2016 21:00,22.769,-13.1585,217
8/8/2016 21:02,22.5595,-13.3307,217
8/8/2016 21:04,22.3603,-13.4938,217
8/8/2016 21:05,22.2484,-13.5852,217
8/8/2016 21:07,22.0472,-13.749,217
8/8/2016 21:08,21.93,-13.8443,217
8/8/2016 21:10,21.7267,-14.0088,217
8/8/2016 21:11,21.6198,-14.0951,217
8/8/2016 21:12,21.5111,-14.1827,217
8/8/2016 21:14,21.3216,-14.335,217
8/8/2016 21:15,21.2005,-14.4321,217
8/8/2016 21:16,21.0934,-14.5178,217
8/8/2016 21:17,20.9844,-14.6048,217
8/8/2016 21:18,20.0113,-13.4499,216
8/8/2016 21:19,19.9486,-13.4988,216
8/8/2016 21:21,19.7225,-13.6749,216
8/8/2016 21:21,19.6661,-13.7186,216
8/8/2016 21:22,19.6091,-13.7629,216
8/8/2016 21:23,19.4967,-13.85,216
8/8/2016 21:23,19.4398,-13.8941,216
8/8/2016 21:24,19.3326,-13.9769,216
8/8/2016 21:25,19.2712,-14.0244,216
8/8/2016 21:25,19.2042,-14.0761,216
8/8/2016 21:26,19.1136,-14.1458,216
8/8/2016 21:27,19.048,-14.1962,216
8/8/2016 21:27,18.9928,-14.2387,216
8/8/2016 21:28,18.9365,-14.282,216
8/8/2016 21:28,18.8599,-14.3408,216
8/8/2016 21:29,18.8052,-14.3827,216
8/8/2016 21:29,18.7491,-14.4257,216
8/8/2016 21:30,18.6928,-14.4688,216
8/8/2016 21:30,18.6383,-14.5104,216
8/8/2016 21:31,18.5828,-14.5529,216
8/8/2016 21:31,18.5266,-14.5957,216
8/8/2016 21:32,18.4695,-14.6393,216
8/8/2016 21:32,18.4143,-14.6814,216
8/8/2016 21:33,18.3578,-14.7244,216
8/8/2016 21:33,18.3006,-14.7679,216
8/8/2016 21:34,18.2439,-14.811,216
8/8/2016 21:34,18.1882,-14.8534,216
8/8/2016 21:35,18.1317,-14.8961,216
8/8/2016 21:35,18.0746,-14.9394,216
8/8/2016 21:36,18.0183,-14.9822,216
8/8/2016 21:36,17.9612,-15.0253,216
8/8/2016 21:37,17.9052,-15.0677,216
8/8/2016 21:37,17.8495,-15.1099,216
8/8/2016 21:38,17.794,-15.1518,216
8/8/2016 21:38,17.7368,-15.1949,216
8/8/2016 21:39,17.6806,-15.2372,216
8/8/2016 21:39,17.6254,-15.2788,216
8/8/2016 21:40,17.569,-15.3214,216
8/8/2016 21:40,17.5132,-15.3637,216
8/8/2016 21:41,17.4576,-15.4055,216
8/8/2016 21:42,17.4016,-15.4478,216
8/8/2016 21:42,17.3455,-15.49,216
8/8/2016 21:43,17.2893,-15.5323,216
8/8/2016 21:43,17.234,-15.5739,216
8/8/2016 21:44,17.1778,-15.6161,216
8/8/2016 21:44,17.1217,-15.6583,216
8/8/2016 21:45,17.0661,-15.7001,216
8/8/2016 21:45,17.0114,-15.741,216
8/8/2016 21:46,16.9559,-15.7826,216
8/8/2016 21:46,16.8986,-15.8254,216
8/8/2016 21:47,16.8439,-15.8664,216
8/8/2016 21:47,16.7867,-15.909,216
8/8/2016 21:48,16.6753,-15.9922,216
8/8/2016 21:49,16.5772,-16.0653,216
8/8/2016 21:51,16.337,-16.2568,217
8/8/2016 21:52,16.2272,-16.3441,217
8/8/2016 21:52,16.1921,-16.3454,215
8/8/2016 21:53,16.1343,-16.3871,215
8/8/2016 21:53,16.0661,-16.4363,215
8/8/2016 21:54,15.9642,-16.5098,215
8/8/2016 21:56,15.769,-16.6644,217
8/8/2016 21:57,15.6875,-16.7085,215
8/8/2016 21:57,15.6295,-16.75,215
8/8/2016 21:58,15.5738,-16.79,215
8/8/2016 21:58,15.5165,-16.8311,215
8/8/2016 21:59,15.4596,-16.8716,215
8/8/2016 21:59,15.4022,-16.9127,215
8/8/2016 22:00,15.3449,-16.9537,215
8/8/2016 22:00,15.288,-16.9943,215
8/8/2016 22:01,15.2314,-17.0346,215
8/8/2016 22:01,15.1737,-17.0757,215
8/8/2016 22:02,15.1187,-17.1149,215
8/8/2016 22:03,15.0037,-17.1968,215
8/8/2016 22:03,14.9474,-17.2368,215
8/8/2016 22:04,14.8906,-17.2772,215
8/8/2016 22:04,14.8337,-17.3175,215
8/8/2016 22:05,14.7763,-17.3583,215
8/8/2016 22:05,14.7203,-17.398,215
8/8/2016 22:06,14.6629,-17.4386,215
8/8/2016 22:06,14.6062,-17.4788,215
8/8/2016 22:07,14.5494,-17.519,215
8/8/2016 22:07,14.4924,-17.5594,215
8/8/2016 22:08,14.4357,-17.5994,215
8/8/2016 22:08,14.3789,-17.6396,215
8/8/2016 22:09,14.3217,-17.6799,215
8/8/2016 22:09,14.2647,-17.7202,214
8/8/2016 22:10,14.2082,-17.76,215
8/8/2016 22:10,14.1519,-17.7996,215
8/8/2016 22:11,14.0951,-17.8396,214
8/8/2016 22:11,14.0386,-17.8793,214
8/8/2016 22:12,13.9829,-17.9186,215
8/8/2016 22:12,13.9276,-17.9574,214
8/8/2016 22:13,13.8707,-17.9974,215
8/8/2016 22:13,13.8133,-18.0378,215
8/8/2016 22:14,13.7561,-18.0779,214
8/8/2016 22:14,13.6999,-18.1173,215
8/8/2016 22:15,13.6429,-18.1573,214
8/8/2016 22:15,13.587,-18.1963,214
8/8/2016 22:16,13.5308,-18.2356,215
8/8/2016 22:16,13.4738,-18.2756,214
8/8/2016 22:17,13.4179,-18.3147,215
8/8/2016 22:17,13.3619,-18.3539,214
8/8/2016 22:18,13.3064,-18.3927,214
8/8/2016 22:18,13.241,-18.4381,214
8/8/2016 22:19,13.1851,-18.4773,215
8/8/2016 22:19,13.1306,-18.5152,214
8/8/2016 22:20,13.0743,-18.5543,214
8/8/2016 22:21,13.0114,-18.5981,214
8/8/2016 22:21,12.9573,-18.6359,214
8/8/2016 22:22,12.8996,-18.676,214
8/8/2016 22:23,12.7874,-18.754,214
8/8/2016 22:23,12.7312,-18.793,214
8/8/2016 22:24,12.6188,-18.8709,214
8/8/2016 22:26,12.3928,-19.0448,217
8/8/2016 22:28,12.1912,-19.1995,217
8/8/2016 22:29,12.0789,-19.2855,217
8/8/2016 22:31,11.8649,-19.4493,217
8/8/2016 22:33,11.6631,-19.6034,217
8/8/2016 22:34,11.5455,-19.6931,217
8/8/2016 22:36,11.3312,-19.8562,217
8/8/2016 22:38,11.1362,-20.0044,217
8/8/2016 22:39,11.0202,-20.0925,217
8/8/2016 22:40,10.913,-20.1738,217
8/8/2016 22:42,10.7002,-20.3349,217
8/8/2016 22:44,10.5032,-20.4838,217
8/8/2016 22:46,10.2903,-20.6444,217
8/8/2016 22:47,10.1724,-20.7333,217
8/8/2016 22:49,9.9664,-20.8883,217
8/8/2016 22:50,9.859,-20.9691,217
8/8/2016 22:51,9.7533,-21.0485,217
8/8/2016 22:52,9.6476,-21.1278,216
8/8/2016 22:53,9.5419,-21.2071,216
8/8/2016 22:55,9.3427,-21.3562,216
8/8/2016 22:56,9.2282,-21.442,216
8/8/2016 22:57,9.1153,-21.5263,216
8/8/2016 22:59,8.909,-21.6804,216
8/8/2016 23:01,8.699,-21.8369,216
8/8/2016 23:02,8.5861,-21.921,216
8/8/2016 23:04,8.3779,-22.076,216
8/8/2016 23:06,8.1784,-22.2242,216
8/8/2016 23:07,8.0671,-22.3068,216
8/8/2016 23:09,7.8499,-22.4679,216
8/8/2016 23:11,7.6326,-22.6288,216
8/8/2016 23:13,7.4223,-22.7843,216
8/8/2016 23:14,7.3145,-22.864,216
8/8/2016 23:15,7.2084,-22.9423,216
8/8/2016 23:17,7.0051,-23.0923,216
8/8/2016 23:19,6.7946,-23.2475,216
8/8/2016 23:21,6.5841,-23.4024,216
8/8/2016 23:23,6.37,-23.5599,216
8/8/2016 23:24,6.2533,-23.6457,216
8/8/2016 23:26,6.048,-23.7964,216
8/8/2016 23:28,5.8373,-23.9509,216
8/8/2016 23:29,5.724,-24.034,216
8/8/2016 23:31,5.5203,-24.1831,216
8/8/2016 23:32,5.4141,-24.2609,216
8/8/2016 23:33,5.2972,-24.3464,216
8/8/2016 23:35,5.0846,-24.5019,216
8/8/2016 23:37,4.8798,-24.6515,216
8/8/2016 23:39,4.6606,-24.8115,216
8/8/2016 23:41,4.4432,-24.97,216
8/8/2016 23:43,4.2347,-25.122,216
8/8/2016 23:44,4.1233,-25.2032,216
8/8/2016 23:45,4.0082,-25.2869,216
8/8/2016 23:47,3.8051,-25.4348,216
8/8/2016 23:48,3.69,-25.5185,216
8/8/2016 23:50,3.467,-25.6806,216
8/8/2016 23:52,3.2944,-25.8061,216
8/8/2016 23:53,3.1433,-25.9158,216
8/8/2016 23:55,2.9275,-26.0726,216
8/8/2016 23:57,2.744,-26.2057,216
8/8/2016 23:58,2.6037,-26.3076,216
8/8/2016 23:59,2.4958,-26.3859,216
8/8/2016 0:00,2.3878,-26.4641,216
8/8/2016 0:02,2.1827,-26.6129,216
8/8/2016 0:03,2.073,-26.6924,216
8/8/2016 0:05,1.8462,-26.8567,216
8/8/2016 0:07,1.6375,-27.0079,216
8/8/2016 0:08,1.5259,-27.0887,216
8/8/2016 0:10,1.3208,-27.2373,216
8/8/2016 0:11,1.2056,-27.3207,216
8/8/2016 0:13,1.004,-27.4666,216
8/8/2016 0:14,0.8852,-27.5526,216
8/8/2016 0:15,0.7718,-27.6347,216
8/8/2016 0:16,0.6603,-27.7154,216
8/8/2016 0:18,0.4533,-27.8652,216
8/8/2016 0:19,0.3345,-27.9512,216
8/8/2016 0:21,0.1239,-28.1035,216
8/8/2016 0:23,-0.0885,-28.2572,216
8/8/2016 0:25,-0.3027,-28.4122,216
8/8/2016 0:26,-0.4125,-28.4917,216
8/8/2016 0:28,-0.6141,-28.6376,216
8/8/2016 0:29,-0.7365,-28.7261,216
8/8/2016 0:31,-0.9525,-28.8824,216
8/8/2016 0:32,-1.0695,-28.9671,216
8/8/2016 0:34,-1.2746,-29.1157,216
8/8/2016 0:35,-1.3826,-29.1939,216
8/8/2016 0:36,-1.4996,-29.2786,216
8/8/2016 0:37,-1.6076,-29.3568,216
8/8/2016 0:39,-1.8163,-29.508,216
8/8/2016 0:40,-3.4124,-29.113,212
8/8/2016 0:40,-3.471,-29.1498,212
8/8/2016 0:41,-3.5324,-29.1885,212
8/8/2016 0:43,-3.7845,-29.3894,218
8/8/2016 0:45,-3.9863,-29.5502,218
8/8/2016 0:46,-4.0941,-29.6362,219
8/8/2016 0:47,-4.1984,-29.7194,219
8/8/2016 0:48,-4.3044,-29.804,219
8/8/2016 0:50,-4.513,-29.9706,219
8/8/2016 0:52,-4.7128,-30.1303,219
8/8/2016 0:52,-4.6604,-30.3336,222
8/8/2016 0:54,-4.8578,-30.4892,218
8/8/2016 0:56,-5.0625,-30.7001,222
8/8/2016 0:57,-5.1145,-30.7475,223
8/8/2016 0:57,-5.1963,-30.8221,223
8/8/2016 0:59,-5.3817,-30.968,218
8/8/2016 1:00,-5.4971,-31.0588,218
8/8/2016 1:00,-5.5119,-31.1104,223
8/8/2016 1:01,-5.5783,-31.1712,223
8/8/2016 1:02,-5.6691,-31.2542,223
8/8/2016 1:03,-5.7641,-31.3411,223
8/8/2016 1:03,-5.8161,-31.3888,223
8/8/2016 1:04,-5.8693,-31.4375,223
8/8/2016 1:04,-5.9207,-31.4845,223
8/8/2016 1:05,-5.9755,-31.5348,223
8/8/2016 1:05,-6.0274,-31.5823,223
8/8/2016 1:06,-6.0804,-31.6309,223
8/8/2016 1:06,-6.1331,-31.6792,223
8/8/2016 1:07,-6.1859,-31.7277,223
8/8/2016 1:07,-6.2378,-31.7756,223
8/8/2016 1:08,-6.2906,-31.824,223
8/8/2016 1:08,-6.3509,-31.8795,223
8/8/2016 1:09,-6.4038,-31.928,223
8/8/2016 1:09,-6.4553,-31.9754,223
8/8/2016 1:10,-6.5275,-32.0419,223
8/8/2016 1:11,-6.58,-32.0903,223
8/8/2016 1:11,-6.6333,-32.1393,223
8/8/2016 1:12,-6.6855,-32.1873,223
8/8/2016 1:12,-6.7544,-32.2509,223
8/8/2016 1:13,-6.8049,-32.2974,223
8/8/2016 1:13,-6.8569,-32.3453,223
8/8/2016 1:14,-6.9107,-32.395,223
8/8/2016 1:14,-6.9672,-32.4471,223
8/8/2016 1:15,-7.019,-32.4949,223
8/8/2016 1:15,-7.0707,-32.5426,223
8/8/2016 1:16,-7.1245,-32.5922,223
8/8/2016 1:16,-7.1764,-32.6402,223
8/8/2016 1:17,-7.2279,-32.6878,223
8/8/2016 1:17,-7.2942,-32.7491,223
8/8/2016 1:18,-7.3468,-32.7977,223
8/8/2016 1:18,-7.3994,-32.8464,223
8/8/2016 1:19,-7.4514,-32.8945,223
8/8/2016 1:19,-7.5038,-32.9431,223
8/8/2016 1:20,-7.5564,-32.9917,223
8/8/2016 1:20,-7.6076,-33.0391,223
8/8/2016 1:21,-7.6599,-33.0876,223
8/8/2016 1:21,-7.7128,-33.1367,223
8/8/2016 1:22,-7.7651,-33.1852,223
8/8/2016 1:22,-7.8173,-33.2336,223
8/8/2016 1:23,-7.8697,-33.2822,223
8/8/2016 1:23,-7.9224,-33.3312,223
8/8/2016 1:24,-7.9743,-33.3794,223
8/8/2016 1:24,-8.0257,-33.427,223
8/8/2016 1:25,-8.0789,-33.4766,223
8/8/2016 1:25,-8.1312,-33.5252,223
8/8/2016 1:26,-8.1842,-33.5744,223
8/8/2016 1:26,-8.2364,-33.6229,223
8/8/2016 1:27,-8.2894,-33.6723,223
8/8/2016 1:28,-8.3515,-33.7301,223
8/8/2016 1:28,-8.404,-33.779,223
8/8/2016 1:29,-8.4566,-33.828,223
8/8/2016 1:29,-8.5091,-33.877,223
8/8/2016 1:30,-8.5609,-33.9254,223
8/8/2016 1:30,-8.6133,-33.9742,223
8/8/2016 1:31,-8.6815,-34.0379,223
8/8/2016 1:31,-8.7455,-34.0976,223
8/8/2016 1:32,-8.7989,-34.1475,223
8/8/2016 1:32,-8.851,-34.1963,223
8/8/2016 1:33,-8.9038,-34.2455,223
8/8/2016 1:33,-8.9558,-34.2942,223
8/8/2016 1:34,-9.0082,-34.3433,223
8/8/2016 1:34,-9.0601,-34.3918,223
8/8/2016 1:35,-9.1123,-34.4407,223
8/8/2016 1:35,-9.1646,-34.4897,223
8/8/2016 1:36,-9.217,-34.5388,223
8/8/2016 1:36,-9.2694,-34.588,223
8/8/2016 1:37,-9.322,-34.6373,223
8/8/2016 1:37,-9.3728,-34.685,223
8/8/2016 1:38,-9.4253,-34.7343,223
8/8/2016 1:38,-9.4776,-34.7834,223
8/8/2016 1:39,-9.5287,-34.8314,223
8/8/2016 1:39,-9.5847,-34.8841,223
8/8/2016 1:40,-9.6583,-34.9533,223
8/8/2016 1:41,-9.711,-35.0029,223
8/8/2016 1:41,-9.7628,-35.0517,223
8/8/2016 1:42,-9.8132,-35.0992,223
8/8/2016 1:42,-9.866,-35.149,223
8/8/2016 1:43,-9.9171,-35.1971,223
8/8/2016 1:43,-9.9691,-35.2462,223
8/8/2016 1:44,-10.0285,-35.3023,223
8/8/2016 1:44,-10.081,-35.3518,223
8/8/2016 1:45,-10.1335,-35.4014,223
8/8/2016 1:45,-10.1953,-35.4598,223
8/8/2016 1:46,-10.2472,-35.5089,223
8/8/2016 1:46,-10.2981,-35.5572,223
8/8/2016 1:47,-10.3564,-35.6123,223
8/8/2016 1:47,-10.4111,-35.664,223
8/8/2016 1:48,-10.4669,-35.7168,223
8/8/2016 1:48,-10.5188,-35.766,223
8/8/2016 1:49,-10.5698,-35.8145,223
8/8/2016 1:49,-10.6198,-35.8619,223
8/8/2016 1:50,-10.6744,-35.9138,223
8/8/2016 1:51,-10.7328,-35.9693,223
8/8/2016 1:51,-10.7837,-36.0177,223
8/8/2016 1:52,-10.8341,-36.0656,223
8/8/2016 1:52,-10.8851,-36.114,223
8/8/2016 1:53,-10.9347,-36.1614,223
8/8/2016 1:53,-10.9843,-36.2085,223
8/8/2016 1:54,-11.0352,-36.257,223
8/8/2016 1:54,-11.0859,-36.3053,223
8/8/2016 1:55,-11.1364,-36.3535,223
8/8/2016 1:55,-11.187,-36.4018,223
8/8/2016 1:56,-11.2369,-36.4495,223
8/8/2016 1:56,-11.2864,-36.4967,223
8/8/2016 1:57,-11.3362,-36.5443,223
8/8/2016 1:57,-11.3873,-36.5932,223
8/8/2016 1:58,-11.4368,-36.6406,223
8/8/2016 1:58,-11.4873,-36.6889,223
8/8/2016 1:59,-11.5371,-36.7366,223
8/8/2016 1:59,-11.5866,-36.7839,223
8/8/2016 2:00,-11.636,-36.8314,223
8/8/2016 2:00,-11.6845,-36.8778,223
8/8/2016 2:01,-11.7336,-36.925,223
8/8/2016 2:01,-11.783,-36.9724,224
8/8/2016 2:02,-11.832,-37.0194,223
8/8/2016 2:02,-11.8803,-37.0659,224
8/8/2016 2:03,-11.9291,-37.1129,224
8/8/2016 2:03,-11.9756,-37.1577,223
8/8/2016 2:04,-12.0248,-37.2048,223
8/8/2016 2:04,-12.0715,-37.2498,224
8/8/2016 2:05,-12.1189,-37.2955,224
8/8/2016 2:05,-12.1673,-37.3421,224
8/8/2016 2:06,-12.2145,-37.3876,224
8/8/2016 2:06,-12.2624,-37.4339,224
8/8/2016 2:07,-12.3094,-37.4792,224
8/8/2016 2:07,-12.3573,-37.5256,224
8/8/2016 2:08,-12.4046,-37.5713,224
8/8/2016 2:08,-12.4519,-37.617,224
8/8/2016 2:09,-12.4994,-37.663,224
8/8/2016 2:09,-12.5465,-37.7086,224
8/8/2016 2:10,-12.5936,-37.7541,224
8/8/2016 2:10,-12.6418,-37.8009,224
8/8/2016 2:11,-12.6897,-37.8473,224
8/8/2016 2:11,-12.7424,-37.8985,224
8/8/2016 2:12,-12.7902,-37.9448,224
8/8/2016 2:12,-12.8385,-37.9918,224
8/8/2016 2:13,-12.8852,-38.0372,224
8/8/2016 2:13,-12.9422,-38.0926,224
8/8/2016 2:14,-12.99,-38.1391,224
8/8/2016 2:14,-13.044,-38.1917,224
8/8/2016 2:15,-13.0914,-38.2378,224
8/8/2016 2:15,-13.1389,-38.2841,224
8/8/2016 2:16,-13.1867,-38.3307,224
8/8/2016 2:16,-13.236,-38.3789,224
8/8/2016 2:17,-13.2824,-38.4241,224
8/8/2016 2:17,-13.3309,-38.4716,224
8/8/2016 2:18,-13.3773,-38.5169,224
8/8/2016 2:18,-13.4254,-38.5639,224
8/8/2016 2:19,-13.472,-38.6096,224
8/8/2016 2:19,-13.521,-38.6576,224
8/8/2016 2:20,-13.5676,-38.7032,224
8/8/2016 2:20,-13.6151,-38.7498,224
8/8/2016 2:21,-13.6619,-38.7957,224
8/8/2016 2:21,-13.7076,-38.8406,224
8/8/2016 2:22,-13.7555,-38.8877,224
8/8/2016 2:22,-13.8003,-38.9316,224
8/8/2016 2:23,-13.8514,-38.9819,224
8/8/2016 2:23,-13.9071,-39.0367,224
8/8/2016 2:24,-13.9538,-39.0827,224
8/8/2016 2:24,-14.0011,-39.1293,224
8/8/2016 2:25,-14.0481,-39.1756,224
8/8/2016 2:26,-14.1033,-39.23,224
8/8/2016 2:26,-14.1519,-39.2779,224
8/8/2016 2:27,-14.1996,-39.3252,224
8/8/2016 2:27,-14.2488,-39.3737,224
8/8/2016 2:28,-14.2939,-39.4183,224
8/8/2016 2:28,-14.3441,-39.468,224
8/8/2016 2:29,-14.4241,-39.5472,224
8/8/2016 2:30,-14.4734,-39.596,224
8/8/2016 2:30,-14.5207,-39.6431,224
8/8/2016 2:31,-14.5685,-39.6904,224
8/8/2016 2:31,-14.6159,-39.7375,224
8/8/2016 2:32,-14.6624,-39.7837,224
8/8/2016 2:32,-14.7098,-39.8307,224
8/8/2016 2:33,-14.7567,-39.8775,224
8/8/2016 2:33,-14.8043,-39.9248,224
8/8/2016 2:34,-14.8515,-39.9719,224
8/8/2016 2:34,-14.8983,-40.0186,224
8/8/2016 2:35,-14.9453,-40.0655,224
8/8/2016 2:35,-14.9923,-40.1124,224
8/8/2016 2:36,-15.0396,-40.1597,224
8/8/2016 2:36,-15.0862,-40.2061,224
8/8/2016 2:37,-15.1333,-40.2532,224
8/8/2016 2:37,-15.1802,-40.3002,224
8/8/2016 2:38,-15.2272,-40.3472,224
8/8/2016 2:38,-15.274,-40.3941,224
8/8/2016 2:39,-15.3208,-40.441,224
8/8/2016 2:39,-15.3673,-40.4878,224
8/8/2016 2:40,-15.4143,-40.5349,224
8/8/2016 2:40,-15.4612,-40.582,224
8/8/2016 2:41,-15.5077,-40.6288,224
8/8/2016 2:41,-15.5542,-40.6756,224
8/8/2016 2:42,-15.6012,-40.7229,224
8/8/2016 2:42,-15.6483,-40.7703,224
8/8/2016 2:43,-15.6953,-40.8177,224
8/8/2016 2:43,-15.7494,-40.8722,224
8/8/2016 2:44,-15.7962,-40.9195,224
8/8/2016 2:44,-15.8413,-40.9651,224
8/8/2016 2:45,-15.8886,-41.0129,224
8/8/2016 2:45,-15.9337,-41.0586,224
8/8/2016 2:46,-15.981,-41.1064,225
8/8/2016 2:46,-16.026,-41.1519,224
8/8/2016 2:47,-16.0724,-41.199,225
8/8/2016 2:47,-16.1182,-41.2454,225
8/8/2016 2:48,-16.1643,-41.2923,225
8/8/2016 2:48,-16.2101,-41.3387,224
8/8/2016 2:49,-16.2568,-41.3862,225
8/8/2016 2:49,-16.3032,-41.4334,225
8/8/2016 2:50,-16.3506,-41.4817,225
8/8/2016 2:50,-16.4038,-41.5359,225
8/8/2016 2:51,-16.4507,-41.5836,225
8/8/2016 2:51,-16.4966,-41.6304,225
8/8/2016 2:52,-16.542,-41.6768,225
8/8/2016 2:52,-16.5885,-41.7243,225
8/8/2016 2:53,-16.6334,-41.7702,225
8/8/2016 2:53,-16.6796,-41.8175,225
8/8/2016 2:54,-16.7259,-41.8649,225
8/8/2016 2:54,-16.7728,-41.9129,225
8/8/2016 2:55,-16.8174,-41.9584,224
8/8/2016 2:55,-16.8541,-41.9909,218
8/8/2016 2:55,-16.8876,-42.0155,213
8/8/2016 2:56,-16.9513,-42.0594,214
8/8/2016 2:57,-17.0143,-42.103,214
8/8/2016 2:57,-17.07,-42.1414,214
8/8/2016 2:58,-17.1455,-42.1933,213
8/8/2016 2:58,-17.1995,-42.2304,213
8/8/2016 2:59,-17.2545,-42.2681,213
8/8/2016 2:59,-17.3078,-42.3047,213
8/8/2016 3:00,-17.3628,-42.3426,213
8/8/2016 3:00,-17.4179,-42.3805,213
8/8/2016 3:01,-17.4726,-42.4183,214
8/8/2016 3:01,-17.5258,-42.4549,214
8/8/2016 3:02,-17.5792,-42.4918,214
8/8/2016 3:02,-17.6361,-42.5314,215
8/8/2016 3:03,-17.689,-42.5719,217
8/8/2016 3:03,-17.7421,-42.6131,217
8/8/2016 3:04,-17.7944,-42.6532,216
8/8/2016 3:04,-17.8487,-42.6946,216
8/8/2016 3:05,-17.9029,-42.7357,216
8/8/2016 3:05,-17.9546,-42.775,216
8/8/2016 3:06,-18.009,-42.8163,216
8/8/2016 3:06,-18.0646,-42.8586,216
8/8/2016 3:07,-18.1193,-42.9004,216
8/8/2016 3:07,-18.1739,-42.9421,216
8/8/2016 3:08,-18.2265,-42.9822,216
8/8/2016 3:08,-18.2794,-43.0227,216
8/8/2016 3:09,-18.3333,-43.064,216
8/8/2016 3:09,-18.3868,-43.105,216
8/8/2016 3:10,-18.4427,-43.1478,216
8/8/2016 3:10,-18.4962,-43.1889,216
8/8/2016 3:11,-18.5493,-43.2296,216
8/8/2016 3:11,-18.6084,-43.275,216
8/8/2016 3:12,-18.6616,-43.3159,216
8/8/2016 3:12,-18.7187,-43.3598,216
8/8/2016 3:13,-18.7722,-43.4011,216
8/8/2016 3:13,-18.8216,-43.4392,216
8/8/2016 3:14,-18.8751,-43.4804,216
8/8/2016 3:14,-18.9298,-43.5227,216
8/8/2016 3:15,-18.9831,-43.5638,216
8/8/2016 3:15,-19.0359,-43.6047,216
8/8/2016 3:16,-19.0905,-43.6469,216
8/8/2016 3:16,-19.1437,-43.6881,217
8/8/2016 3:17,-19.1977,-43.73,216
8/8/2016 3:17,-19.2501,-43.7706,216
8/8/2016 3:18,-19.3056,-43.8138,216
8/8/2016 3:18,-19.3597,-43.8558,216
8/8/2016 3:19,-19.4174,-43.9007,216
8/8/2016 3:19,-19.4663,-43.9387,217
8/8/2016 3:20,-19.5247,-43.9842,216
8/8/2016 3:20,-19.576,-44.0242,217
8/8/2016 3:21,-19.6359,-44.071,216
8/8/2016 3:22,-19.687,-44.111,217
8/8/2016 3:22,-19.7431,-44.1549,217
8/8/2016 3:23,-19.796,-44.1962,217
8/8/2016 3:23,-19.8529,-44.2408,217
8/8/2016 3:24,-19.9082,-44.2842,217
8/8/2016 3:24,-19.9615,-44.326,217
8/8/2016 3:25,-20.0222,-44.3736,217
8/8/2016 3:25,-20.0766,-44.4163,217
8/8/2016 3:26,-20.1309,-44.459,217
8/8/2016 3:26,-20.184,-44.501,217
8/8/2016 3:27,-20.237,-44.5427,217
8/8/2016 3:27,-20.2907,-44.5851,217
8/8/2016 3:28,-20.3422,-44.6258,217
8/8/2016 3:28,-20.3955,-44.6679,217
8/8/2016 3:29,-20.4478,-44.7093,217
8/8/2016 3:29,-20.4995,-44.7502,217
8/8/2016 3:30,-20.5533,-44.7928,217
8/8/2016 3:30,-20.6051,-44.8339,217
8/8/2016 3:31,-20.6579,-44.8758,217
8/8/2016 3:31,-20.7104,-44.9175,217
8/8/2016 3:32,-20.763,-44.9593,217
8/8/2016 3:32,-20.8163,-45.0017,217
8/8/2016 3:33,-20.8683,-45.0431,217
8/8/2016 3:33,-20.9217,-45.0857,217
8/8/2016 3:34,-20.9741,-45.1276,217
8/8/2016 3:34,-21.0269,-45.1698,217
8/8/2016 3:35,-21.0796,-45.2119,217
8/8/2016 3:35,-21.1321,-45.2539,217
8/8/2016 3:36,-21.1847,-45.296,217
8/8/2016 3:36,-21.2376,-45.3384,217
8/8/2016 3:37,-21.2974,-45.3864,217
8/8/2016 3:37,-21.3499,-45.4286,217
8/8/2016 3:38,-21.4039,-45.4719,217
8/8/2016 3:38,-21.458,-45.5154,217
8/8/2016 3:39,-21.5121,-45.559,218
8/8/2016 3:39,-21.5654,-45.6021,217
8/8/2016 3:40,-21.6181,-45.6446,217
8/8/2016 3:40,-21.6725,-45.6886,217
8/8/2016 3:41,-21.7263,-45.7321,217
8/8/2016 3:41,-21.7794,-45.7751,217
8/8/2016 3:42,-21.8344,-45.8196,217
8/8/2016 3:42,-21.8854,-45.861,217
8/8/2016 3:43,-21.9379,-45.9038,217
8/8/2016 3:43,-21.9876,-45.9441,217
8/8/2016 3:44,-22.0375,-45.9845,217
8/8/2016 3:44,-22.0856,-46.0237,217
8/8/2016 3:45,-22.1346,-46.0637,217
8/8/2016 3:45,-22.1845,-46.1043,217
8/8/2016 3:46,-22.2315,-46.1426,217
8/8/2016 3:46,-22.2764,-46.1793,217
8/8/2016 3:47,-22.303,-46.1991,210
8/8/2016 3:47,-22.3371,-46.2148,200
8/8/2016 3:47,-22.3653,-46.2272,204
8/8/2016 3:48,-22.4176,-46.2512,204
8/8/2016 3:48,-22.4534,-46.2674,203
8/8/2016 3:49,-22.523,-46.2987,203
8/8/2016 3:49,-22.576,-46.3223,202
8/8/2016 3:50,-22.6256,-46.3443,202
8/8/2016 3:50,-22.6712,-46.3645,203
8/8/2016 3:51,-22.7121,-46.3829,203
8/8/2016 3:51,-22.7499,-46.4,203
8/8/2016 3:52,-22.7877,-46.4169,203
8/8/2016 3:52,-22.8117,-46.4278,204
8/8/2016 3:52,-22.8482,-46.4441,202
8/8/2016 3:53,-22.8718,-46.4546,204
8/8/2016 3:53,-22.9192,-46.4759,203
8/8/2016 3:54,-22.9546,-46.4918,203
8/8/2016 3:54,-22.9791,-46.5029,204
8/8/2016 3:55,-23.0026,-46.5134,204
8/8/2016 3:55,-23.0396,-46.5301,203
8/8/2016 3:56,-23.0735,-46.5453,204
8/8/2016 3:56,-23.1084,-46.561,203
8/8/2016 3:57,-23.1556,-46.5823,203
8/8/2016 3:57,-23.1848,-46.5956,204
8/8/2016 3:58,-23.2209,-46.6119,202
8/8/2016 3:58,-23.2559,-46.6276,203
8/8/2016 3:59,-23.2736,-46.6355,204
8/8/2016 3:59,-23.3039,-46.6493,203
8/8/2016 3:59,-23.3274,-46.66,204
8/8/2016 4:00,-23.3636,-46.6764,203
8/8/2016 4:00,-23.3874,-46.6872,204
8/8/2016 4:00,-23.4072,-46.6936,188
8/8/2016 4:01,-23.4261,-46.6916,163
